--------------------------------------------------------
--  파일이 생성됨 - 금요일-7월-17-2020   
--------------------------------------------------------
DROP SEQUENCE "KING"."EVALUATION_IDX_SEQ";
DROP SEQUENCE "KING"."FILE_PROFILE_IMAGE_IDX_SEQ";
DROP SEQUENCE "KING"."MEMBER_MEMBER_NO_SEQ";
DROP SEQUENCE "KING"."MEMBER_NO_SEQ";
DROP SEQUENCE "KING"."QUESTION_BOARD_BOARD_NO_SEQ";
DROP SEQUENCE "KING"."QUESTION_BOARD_COMMENT_IDX_SEQ";
DROP SEQUENCE "KING"."QUESTION_BOARD_IDX_SEQ";
DROP TABLE "KING"."EVALUATION" cascade constraints;
DROP TABLE "KING"."FILE_PROFILE_IMAGE" cascade constraints;
DROP TABLE "KING"."MEMBER" cascade constraints;
DROP TABLE "KING"."MEMBER_GRADE" cascade constraints;
DROP TABLE "KING"."QUESTION_BOARD" cascade constraints;
DROP TABLE "KING"."QUESTION_BOARD_COMMENT" cascade constraints;
DROP TABLE "KING"."TUTOR_INFO" cascade constraints;
--------------------------------------------------------
--  DDL for Sequence EVALUATION_IDX_SEQ
--------------------------------------------------------

   CREATE SEQUENCE  "KING"."EVALUATION_IDX_SEQ"  MINVALUE 1 MAXVALUE 9999999999999999999999999999 INCREMENT BY 1 START WITH 265 CACHE 20 NOORDER  NOCYCLE ;
--------------------------------------------------------
--  DDL for Sequence FILE_PROFILE_IMAGE_IDX_SEQ
--------------------------------------------------------

   CREATE SEQUENCE  "KING"."FILE_PROFILE_IMAGE_IDX_SEQ"  MINVALUE 1 MAXVALUE 9999999999999999999999999999 INCREMENT BY 1 START WITH 47 CACHE 20 NOORDER  NOCYCLE ;
--------------------------------------------------------
--  DDL for Sequence MEMBER_MEMBER_NO_SEQ
--------------------------------------------------------

   CREATE SEQUENCE  "KING"."MEMBER_MEMBER_NO_SEQ"  MINVALUE 1 MAXVALUE 9999999999999999999999999999 INCREMENT BY 1 START WITH 69 CACHE 20 NOORDER  NOCYCLE ;
--------------------------------------------------------
--  DDL for Sequence MEMBER_NO_SEQ
--------------------------------------------------------

   CREATE SEQUENCE  "KING"."MEMBER_NO_SEQ"  MINVALUE 1 MAXVALUE 9999999999999999999999999999 INCREMENT BY 1 START WITH 1 CACHE 20 NOORDER  NOCYCLE ;
--------------------------------------------------------
--  DDL for Sequence QUESTION_BOARD_BOARD_NO_SEQ
--------------------------------------------------------

   CREATE SEQUENCE  "KING"."QUESTION_BOARD_BOARD_NO_SEQ"  MINVALUE 1 MAXVALUE 9999999999999999999999999999 INCREMENT BY 1 START WITH 1 CACHE 20 NOORDER  NOCYCLE ;
--------------------------------------------------------
--  DDL for Sequence QUESTION_BOARD_COMMENT_IDX_SEQ
--------------------------------------------------------

   CREATE SEQUENCE  "KING"."QUESTION_BOARD_COMMENT_IDX_SEQ"  MINVALUE 1 MAXVALUE 9999999999999999999999999999 INCREMENT BY 1 START WITH 6 CACHE 20 NOORDER  NOCYCLE ;
--------------------------------------------------------
--  DDL for Sequence QUESTION_BOARD_IDX_SEQ
--------------------------------------------------------

   CREATE SEQUENCE  "KING"."QUESTION_BOARD_IDX_SEQ"  MINVALUE 1 MAXVALUE 9999999999999999999999999999 INCREMENT BY 1 START WITH 10 CACHE 20 NOORDER  NOCYCLE ;
--------------------------------------------------------
--  DDL for Table EVALUATION
--------------------------------------------------------

  CREATE TABLE "KING"."EVALUATION" 
   (	"IDX" NUMBER, 
	"TUTOR_NO" NUMBER, 
	"STUDENT_NO" NUMBER, 
	"SCORE" NUMBER(1,0), 
	"EVALUATE_CONTENT" VARCHAR2(300 BYTE), 
	"EVALUATE_CHECK" VARCHAR2(1 BYTE), 
	"STUDENT_NAME" VARCHAR2(50 BYTE), 
	"EVALUATE_CREATE_DATE" DATE, 
	"STUDY_DATE" DATE DEFAULT SYSDATE
   ) SEGMENT CREATION IMMEDIATE 
  PCTFREE 10 PCTUSED 40 INITRANS 1 MAXTRANS 255 NOCOMPRESS LOGGING
  STORAGE(INITIAL 65536 NEXT 1048576 MINEXTENTS 1 MAXEXTENTS 2147483645
  PCTINCREASE 0 FREELISTS 1 FREELIST GROUPS 1 BUFFER_POOL DEFAULT FLASH_CACHE DEFAULT CELL_FLASH_CACHE DEFAULT)
  TABLESPACE "SYSTEM" ;
--------------------------------------------------------
--  DDL for Table FILE_PROFILE_IMAGE
--------------------------------------------------------

  CREATE TABLE "KING"."FILE_PROFILE_IMAGE" 
   (	"IDX" NUMBER, 
	"TUTOR_NO" NUMBER, 
	"ORIGINAL_FILE_NAME" VARCHAR2(150 BYTE), 
	"STORE_FILE_NAME" VARCHAR2(36 BYTE), 
	"FILE_SIZE" NUMBER, 
	"FILE_CREATE_DATE" DATE DEFAULT SYSDATE
   ) SEGMENT CREATION IMMEDIATE 
  PCTFREE 10 PCTUSED 40 INITRANS 1 MAXTRANS 255 NOCOMPRESS LOGGING
  STORAGE(INITIAL 65536 NEXT 1048576 MINEXTENTS 1 MAXEXTENTS 2147483645
  PCTINCREASE 0 FREELISTS 1 FREELIST GROUPS 1 BUFFER_POOL DEFAULT FLASH_CACHE DEFAULT CELL_FLASH_CACHE DEFAULT)
  TABLESPACE "SYSTEM" ;
--------------------------------------------------------
--  DDL for Table MEMBER
--------------------------------------------------------

  CREATE TABLE "KING"."MEMBER" 
   (	"MEMBER_NO" NUMBER, 
	"MEMBER_EMAIL" VARCHAR2(50 BYTE), 
	"MEMBER_PASSWORD" VARCHAR2(20 BYTE), 
	"MEMBER_NAME" VARCHAR2(50 BYTE), 
	"MEMBER_CREATE_DATE" DATE DEFAULT SYSDATE, 
	"MEMBER_MODIFY_DATE" DATE DEFAULT SYSDATE, 
	"MEMBER_COUNTRY" VARCHAR2(50 BYTE), 
	"MEMBER_GENDER" VARCHAR2(1 BYTE), 
	"MEMBER_BIRTH_DATE" DATE, 
	"MEMBER_POINT" NUMBER DEFAULT 0, 
	"MEMBER_GRADE" VARCHAR2(1 BYTE)
   ) SEGMENT CREATION IMMEDIATE 
  PCTFREE 10 PCTUSED 40 INITRANS 1 MAXTRANS 255 NOCOMPRESS LOGGING
  STORAGE(INITIAL 65536 NEXT 1048576 MINEXTENTS 1 MAXEXTENTS 2147483645
  PCTINCREASE 0 FREELISTS 1 FREELIST GROUPS 1 BUFFER_POOL DEFAULT FLASH_CACHE DEFAULT CELL_FLASH_CACHE DEFAULT)
  TABLESPACE "SYSTEM" ;
--------------------------------------------------------
--  DDL for Table MEMBER_GRADE
--------------------------------------------------------

  CREATE TABLE "KING"."MEMBER_GRADE" 
   (	"MEMBER_GRADE" VARCHAR2(1 BYTE), 
	"GRADE_NAME" VARCHAR2(30 BYTE)
   ) SEGMENT CREATION IMMEDIATE 
  PCTFREE 10 PCTUSED 40 INITRANS 1 MAXTRANS 255 NOCOMPRESS LOGGING
  STORAGE(INITIAL 65536 NEXT 1048576 MINEXTENTS 1 MAXEXTENTS 2147483645
  PCTINCREASE 0 FREELISTS 1 FREELIST GROUPS 1 BUFFER_POOL DEFAULT FLASH_CACHE DEFAULT CELL_FLASH_CACHE DEFAULT)
  TABLESPACE "SYSTEM" ;
--------------------------------------------------------
--  DDL for Table QUESTION_BOARD
--------------------------------------------------------

  CREATE TABLE "KING"."QUESTION_BOARD" 
   (	"IDX" NUMBER, 
	"MEMBER_NO" NUMBER, 
	"TITLE" VARCHAR2(300 BYTE), 
	"CONTENT" VARCHAR2(1500 BYTE), 
	"BOARD_CREATE_DATE" DATE DEFAULT SYSDATE, 
	"BOARD_MODIFY_DATE" DATE DEFAULT SYSDATE, 
	"ANSWER_STATUS" VARCHAR2(1 BYTE) DEFAULT 'N'
   ) SEGMENT CREATION IMMEDIATE 
  PCTFREE 10 PCTUSED 40 INITRANS 1 MAXTRANS 255 NOCOMPRESS LOGGING
  STORAGE(INITIAL 65536 NEXT 1048576 MINEXTENTS 1 MAXEXTENTS 2147483645
  PCTINCREASE 0 FREELISTS 1 FREELIST GROUPS 1 BUFFER_POOL DEFAULT FLASH_CACHE DEFAULT CELL_FLASH_CACHE DEFAULT)
  TABLESPACE "SYSTEM" ;
--------------------------------------------------------
--  DDL for Table QUESTION_BOARD_COMMENT
--------------------------------------------------------

  CREATE TABLE "KING"."QUESTION_BOARD_COMMENT" 
   (	"IDX" NUMBER, 
	"BOARD_NO" NUMBER, 
	"COMMENT_CREATE_DATE" DATE DEFAULT SYSDATE, 
	"REPLY" VARCHAR2(600 BYTE), 
	"ADMIN_NO" NUMBER
   ) SEGMENT CREATION IMMEDIATE 
  PCTFREE 10 PCTUSED 40 INITRANS 1 MAXTRANS 255 NOCOMPRESS LOGGING
  STORAGE(INITIAL 65536 NEXT 1048576 MINEXTENTS 1 MAXEXTENTS 2147483645
  PCTINCREASE 0 FREELISTS 1 FREELIST GROUPS 1 BUFFER_POOL DEFAULT FLASH_CACHE DEFAULT CELL_FLASH_CACHE DEFAULT)
  TABLESPACE "SYSTEM" ;
--------------------------------------------------------
--  DDL for Table TUTOR_INFO
--------------------------------------------------------

  CREATE TABLE "KING"."TUTOR_INFO" 
   (	"TUTOR_NO" NUMBER, 
	"TUTOR_INTRODUCE" VARCHAR2(3000 BYTE), 
	"YOUTUBE_URL" VARCHAR2(200 BYTE), 
	"STUDY_NAME" VARCHAR2(120 BYTE), 
	"PRICE" NUMBER, 
	"STATUS_CHECK" VARCHAR2(1 BYTE) DEFAULT 'N'
   ) SEGMENT CREATION IMMEDIATE 
  PCTFREE 10 PCTUSED 40 INITRANS 1 MAXTRANS 255 NOCOMPRESS LOGGING
  STORAGE(INITIAL 65536 NEXT 1048576 MINEXTENTS 1 MAXEXTENTS 2147483645
  PCTINCREASE 0 FREELISTS 1 FREELIST GROUPS 1 BUFFER_POOL DEFAULT FLASH_CACHE DEFAULT CELL_FLASH_CACHE DEFAULT)
  TABLESPACE "SYSTEM" ;
REM INSERTING into KING.EVALUATION
SET DEFINE OFF;
Insert into KING.EVALUATION (IDX,TUTOR_NO,STUDENT_NO,SCORE,EVALUATE_CONTENT,EVALUATE_CHECK,STUDENT_NAME,EVALUATE_CREATE_DATE,STUDY_DATE) values (1,2,1,5,'강의가 너무 재미있네요','Y','이찬양',to_date('20/06/20','RR/MM/DD'),to_date('20/06/20','RR/MM/DD'));
Insert into KING.EVALUATION (IDX,TUTOR_NO,STUDENT_NO,SCORE,EVALUATE_CONTENT,EVALUATE_CHECK,STUDENT_NAME,EVALUATE_CREATE_DATE,STUDY_DATE) values (2,2,47,3,'재미없어요','Y','CalvinKattar',to_date('20/06/21','RR/MM/DD'),to_date('20/06/21','RR/MM/DD'));
Insert into KING.EVALUATION (IDX,TUTOR_NO,STUDENT_NO,SCORE,EVALUATE_CONTENT,EVALUATE_CHECK,STUDENT_NAME,EVALUATE_CREATE_DATE,STUDY_DATE) values (3,2,48,1,'못가르쳐요','Y','FrankieEdgar',to_date('20/06/21','RR/MM/DD'),to_date('20/06/21','RR/MM/DD'));
Insert into KING.EVALUATION (IDX,TUTOR_NO,STUDENT_NO,SCORE,EVALUATE_CONTENT,EVALUATE_CHECK,STUDENT_NAME,EVALUATE_CREATE_DATE,STUDY_DATE) values (4,2,49,4,'잘가르쳐요','Y','JoshEmmett',to_date('20/06/21','RR/MM/DD'),to_date('20/06/21','RR/MM/DD'));
Insert into KING.EVALUATION (IDX,TUTOR_NO,STUDENT_NO,SCORE,EVALUATE_CONTENT,EVALUATE_CHECK,STUDENT_NAME,EVALUATE_CREATE_DATE,STUDY_DATE) values (5,2,50,2,'모르겠어요','Y','JeremyStephens',to_date('20/06/21','RR/MM/DD'),to_date('20/06/21','RR/MM/DD'));
Insert into KING.EVALUATION (IDX,TUTOR_NO,STUDENT_NO,SCORE,EVALUATE_CONTENT,EVALUATE_CHECK,STUDENT_NAME,EVALUATE_CREATE_DATE,STUDY_DATE) values (6,2,51,null,null,'N','ShaneBurgos',null,to_date('20/06/21','RR/MM/DD'));
Insert into KING.EVALUATION (IDX,TUTOR_NO,STUDENT_NO,SCORE,EVALUATE_CONTENT,EVALUATE_CHECK,STUDENT_NAME,EVALUATE_CREATE_DATE,STUDY_DATE) values (7,3,1,5,'강의가 너무 재미있네요','Y','이찬양',to_date('20/06/20','RR/MM/DD'),to_date('20/06/20','RR/MM/DD'));
Insert into KING.EVALUATION (IDX,TUTOR_NO,STUDENT_NO,SCORE,EVALUATE_CONTENT,EVALUATE_CHECK,STUDENT_NAME,EVALUATE_CREATE_DATE,STUDY_DATE) values (8,3,47,4,'재미없어요','Y','CalvinKattar',to_date('20/06/21','RR/MM/DD'),to_date('20/06/21','RR/MM/DD'));
Insert into KING.EVALUATION (IDX,TUTOR_NO,STUDENT_NO,SCORE,EVALUATE_CONTENT,EVALUATE_CHECK,STUDENT_NAME,EVALUATE_CREATE_DATE,STUDY_DATE) values (9,3,48,5,'못가르쳐요','Y','FrankieEdgar',to_date('20/06/21','RR/MM/DD'),to_date('20/06/21','RR/MM/DD'));
Insert into KING.EVALUATION (IDX,TUTOR_NO,STUDENT_NO,SCORE,EVALUATE_CONTENT,EVALUATE_CHECK,STUDENT_NAME,EVALUATE_CREATE_DATE,STUDY_DATE) values (10,3,51,null,null,'N','ShaneBurgos',null,to_date('20/06/21','RR/MM/DD'));
Insert into KING.EVALUATION (IDX,TUTOR_NO,STUDENT_NO,SCORE,EVALUATE_CONTENT,EVALUATE_CHECK,STUDENT_NAME,EVALUATE_CREATE_DATE,STUDY_DATE) values (11,4,1,5,'강의가 너무 재미있네요','Y','이찬양',to_date('20/06/20','RR/MM/DD'),to_date('20/06/20','RR/MM/DD'));
Insert into KING.EVALUATION (IDX,TUTOR_NO,STUDENT_NO,SCORE,EVALUATE_CONTENT,EVALUATE_CHECK,STUDENT_NAME,EVALUATE_CREATE_DATE,STUDY_DATE) values (12,4,47,4,'재미없어요','Y','CalvinKattar',to_date('20/06/21','RR/MM/DD'),to_date('20/06/21','RR/MM/DD'));
Insert into KING.EVALUATION (IDX,TUTOR_NO,STUDENT_NO,SCORE,EVALUATE_CONTENT,EVALUATE_CHECK,STUDENT_NAME,EVALUATE_CREATE_DATE,STUDY_DATE) values (13,4,48,5,'못가르쳐요','Y','FrankieEdgar',to_date('20/06/21','RR/MM/DD'),to_date('20/06/21','RR/MM/DD'));
Insert into KING.EVALUATION (IDX,TUTOR_NO,STUDENT_NO,SCORE,EVALUATE_CONTENT,EVALUATE_CHECK,STUDENT_NAME,EVALUATE_CREATE_DATE,STUDY_DATE) values (14,4,49,5,'잘가르쳐요','Y','JoshEmmett',to_date('20/06/21','RR/MM/DD'),to_date('20/06/21','RR/MM/DD'));
Insert into KING.EVALUATION (IDX,TUTOR_NO,STUDENT_NO,SCORE,EVALUATE_CONTENT,EVALUATE_CHECK,STUDENT_NAME,EVALUATE_CREATE_DATE,STUDY_DATE) values (15,4,50,4,'모르겠어요','Y','JeremyStephens',to_date('20/06/21','RR/MM/DD'),to_date('20/06/21','RR/MM/DD'));
Insert into KING.EVALUATION (IDX,TUTOR_NO,STUDENT_NO,SCORE,EVALUATE_CONTENT,EVALUATE_CHECK,STUDENT_NAME,EVALUATE_CREATE_DATE,STUDY_DATE) values (16,4,51,null,null,'N','ShaneBurgos',null,to_date('20/06/21','RR/MM/DD'));
Insert into KING.EVALUATION (IDX,TUTOR_NO,STUDENT_NO,SCORE,EVALUATE_CONTENT,EVALUATE_CHECK,STUDENT_NAME,EVALUATE_CREATE_DATE,STUDY_DATE) values (17,5,1,5,'강의가 너무 재미있네요','Y','이찬양',to_date('20/06/20','RR/MM/DD'),to_date('20/06/20','RR/MM/DD'));
Insert into KING.EVALUATION (IDX,TUTOR_NO,STUDENT_NO,SCORE,EVALUATE_CONTENT,EVALUATE_CHECK,STUDENT_NAME,EVALUATE_CREATE_DATE,STUDY_DATE) values (18,5,47,2,'재미없어요','Y','CalvinKattar',to_date('20/06/21','RR/MM/DD'),to_date('20/06/21','RR/MM/DD'));
Insert into KING.EVALUATION (IDX,TUTOR_NO,STUDENT_NO,SCORE,EVALUATE_CONTENT,EVALUATE_CHECK,STUDENT_NAME,EVALUATE_CREATE_DATE,STUDY_DATE) values (19,5,48,5,'못가르쳐요','Y','FrankieEdgar',to_date('20/06/21','RR/MM/DD'),to_date('20/06/21','RR/MM/DD'));
Insert into KING.EVALUATION (IDX,TUTOR_NO,STUDENT_NO,SCORE,EVALUATE_CONTENT,EVALUATE_CHECK,STUDENT_NAME,EVALUATE_CREATE_DATE,STUDY_DATE) values (20,5,49,5,'잘가르쳐요','Y','JoshEmmett',to_date('20/06/21','RR/MM/DD'),to_date('20/06/21','RR/MM/DD'));
Insert into KING.EVALUATION (IDX,TUTOR_NO,STUDENT_NO,SCORE,EVALUATE_CONTENT,EVALUATE_CHECK,STUDENT_NAME,EVALUATE_CREATE_DATE,STUDY_DATE) values (21,5,50,5,'모르겠어요','Y','JeremyStephens',to_date('20/06/21','RR/MM/DD'),to_date('20/06/21','RR/MM/DD'));
Insert into KING.EVALUATION (IDX,TUTOR_NO,STUDENT_NO,SCORE,EVALUATE_CONTENT,EVALUATE_CHECK,STUDENT_NAME,EVALUATE_CREATE_DATE,STUDY_DATE) values (22,5,51,null,null,'N','ShaneBurgos',null,to_date('20/06/21','RR/MM/DD'));
Insert into KING.EVALUATION (IDX,TUTOR_NO,STUDENT_NO,SCORE,EVALUATE_CONTENT,EVALUATE_CHECK,STUDENT_NAME,EVALUATE_CREATE_DATE,STUDY_DATE) values (23,6,1,5,'강의가 너무 재미있네요','Y','이찬양',to_date('20/06/20','RR/MM/DD'),to_date('20/06/20','RR/MM/DD'));
Insert into KING.EVALUATION (IDX,TUTOR_NO,STUDENT_NO,SCORE,EVALUATE_CONTENT,EVALUATE_CHECK,STUDENT_NAME,EVALUATE_CREATE_DATE,STUDY_DATE) values (24,6,47,4,'재미없어요','Y','CalvinKattar',to_date('20/06/21','RR/MM/DD'),to_date('20/06/21','RR/MM/DD'));
Insert into KING.EVALUATION (IDX,TUTOR_NO,STUDENT_NO,SCORE,EVALUATE_CONTENT,EVALUATE_CHECK,STUDENT_NAME,EVALUATE_CREATE_DATE,STUDY_DATE) values (25,6,48,4,'못가르쳐요','Y','FrankieEdgar',to_date('20/06/21','RR/MM/DD'),to_date('20/06/21','RR/MM/DD'));
Insert into KING.EVALUATION (IDX,TUTOR_NO,STUDENT_NO,SCORE,EVALUATE_CONTENT,EVALUATE_CHECK,STUDENT_NAME,EVALUATE_CREATE_DATE,STUDY_DATE) values (26,6,49,5,'잘가르쳐요','Y','JoshEmmett',to_date('20/06/21','RR/MM/DD'),to_date('20/06/21','RR/MM/DD'));
Insert into KING.EVALUATION (IDX,TUTOR_NO,STUDENT_NO,SCORE,EVALUATE_CONTENT,EVALUATE_CHECK,STUDENT_NAME,EVALUATE_CREATE_DATE,STUDY_DATE) values (27,6,50,4,'모르겠어요','Y','JeremyStephens',to_date('20/06/21','RR/MM/DD'),to_date('20/06/21','RR/MM/DD'));
Insert into KING.EVALUATION (IDX,TUTOR_NO,STUDENT_NO,SCORE,EVALUATE_CONTENT,EVALUATE_CHECK,STUDENT_NAME,EVALUATE_CREATE_DATE,STUDY_DATE) values (28,6,51,null,null,'N','ShaneBurgos',null,to_date('20/06/21','RR/MM/DD'));
Insert into KING.EVALUATION (IDX,TUTOR_NO,STUDENT_NO,SCORE,EVALUATE_CONTENT,EVALUATE_CHECK,STUDENT_NAME,EVALUATE_CREATE_DATE,STUDY_DATE) values (29,7,1,5,'강의가 너무 재미있네요','Y','이찬양',to_date('20/06/20','RR/MM/DD'),to_date('20/06/20','RR/MM/DD'));
Insert into KING.EVALUATION (IDX,TUTOR_NO,STUDENT_NO,SCORE,EVALUATE_CONTENT,EVALUATE_CHECK,STUDENT_NAME,EVALUATE_CREATE_DATE,STUDY_DATE) values (30,7,47,4,'재미없어요','Y','CalvinKattar',to_date('20/06/21','RR/MM/DD'),to_date('20/06/21','RR/MM/DD'));
Insert into KING.EVALUATION (IDX,TUTOR_NO,STUDENT_NO,SCORE,EVALUATE_CONTENT,EVALUATE_CHECK,STUDENT_NAME,EVALUATE_CREATE_DATE,STUDY_DATE) values (31,7,48,4,'못가르쳐요','Y','FrankieEdgar',to_date('20/06/21','RR/MM/DD'),to_date('20/06/21','RR/MM/DD'));
Insert into KING.EVALUATION (IDX,TUTOR_NO,STUDENT_NO,SCORE,EVALUATE_CONTENT,EVALUATE_CHECK,STUDENT_NAME,EVALUATE_CREATE_DATE,STUDY_DATE) values (32,7,49,5,'잘가르쳐요','Y','JoshEmmett',to_date('20/06/21','RR/MM/DD'),to_date('20/06/21','RR/MM/DD'));
Insert into KING.EVALUATION (IDX,TUTOR_NO,STUDENT_NO,SCORE,EVALUATE_CONTENT,EVALUATE_CHECK,STUDENT_NAME,EVALUATE_CREATE_DATE,STUDY_DATE) values (33,7,50,4,'모르겠어요','Y','JeremyStephens',to_date('20/06/21','RR/MM/DD'),to_date('20/06/21','RR/MM/DD'));
Insert into KING.EVALUATION (IDX,TUTOR_NO,STUDENT_NO,SCORE,EVALUATE_CONTENT,EVALUATE_CHECK,STUDENT_NAME,EVALUATE_CREATE_DATE,STUDY_DATE) values (34,7,51,null,null,'N','ShaneBurgos',null,to_date('20/06/21','RR/MM/DD'));
Insert into KING.EVALUATION (IDX,TUTOR_NO,STUDENT_NO,SCORE,EVALUATE_CONTENT,EVALUATE_CHECK,STUDENT_NAME,EVALUATE_CREATE_DATE,STUDY_DATE) values (35,8,1,5,'강의가 너무 재미있네요','Y','이찬양',to_date('20/06/20','RR/MM/DD'),to_date('20/06/20','RR/MM/DD'));
Insert into KING.EVALUATION (IDX,TUTOR_NO,STUDENT_NO,SCORE,EVALUATE_CONTENT,EVALUATE_CHECK,STUDENT_NAME,EVALUATE_CREATE_DATE,STUDY_DATE) values (36,8,47,4,'재미없어요','Y','CalvinKattar',to_date('20/06/21','RR/MM/DD'),to_date('20/06/21','RR/MM/DD'));
Insert into KING.EVALUATION (IDX,TUTOR_NO,STUDENT_NO,SCORE,EVALUATE_CONTENT,EVALUATE_CHECK,STUDENT_NAME,EVALUATE_CREATE_DATE,STUDY_DATE) values (37,8,48,4,'못가르쳐요','Y','FrankieEdgar',to_date('20/06/21','RR/MM/DD'),to_date('20/06/21','RR/MM/DD'));
Insert into KING.EVALUATION (IDX,TUTOR_NO,STUDENT_NO,SCORE,EVALUATE_CONTENT,EVALUATE_CHECK,STUDENT_NAME,EVALUATE_CREATE_DATE,STUDY_DATE) values (38,8,49,5,'잘가르쳐요','Y','JoshEmmett',to_date('20/06/21','RR/MM/DD'),to_date('20/06/21','RR/MM/DD'));
Insert into KING.EVALUATION (IDX,TUTOR_NO,STUDENT_NO,SCORE,EVALUATE_CONTENT,EVALUATE_CHECK,STUDENT_NAME,EVALUATE_CREATE_DATE,STUDY_DATE) values (39,8,50,4,'모르겠어요','Y','JeremyStephens',to_date('20/06/21','RR/MM/DD'),to_date('20/06/21','RR/MM/DD'));
Insert into KING.EVALUATION (IDX,TUTOR_NO,STUDENT_NO,SCORE,EVALUATE_CONTENT,EVALUATE_CHECK,STUDENT_NAME,EVALUATE_CREATE_DATE,STUDY_DATE) values (40,8,51,null,null,'N','ShaneBurgos',null,to_date('20/06/21','RR/MM/DD'));
Insert into KING.EVALUATION (IDX,TUTOR_NO,STUDENT_NO,SCORE,EVALUATE_CONTENT,EVALUATE_CHECK,STUDENT_NAME,EVALUATE_CREATE_DATE,STUDY_DATE) values (41,9,1,5,'강의가 너무 재미있네요','Y','이찬양',to_date('20/06/20','RR/MM/DD'),to_date('20/06/20','RR/MM/DD'));
Insert into KING.EVALUATION (IDX,TUTOR_NO,STUDENT_NO,SCORE,EVALUATE_CONTENT,EVALUATE_CHECK,STUDENT_NAME,EVALUATE_CREATE_DATE,STUDY_DATE) values (42,9,47,4,'재미없어요','Y','CalvinKattar',to_date('20/06/21','RR/MM/DD'),to_date('20/06/21','RR/MM/DD'));
Insert into KING.EVALUATION (IDX,TUTOR_NO,STUDENT_NO,SCORE,EVALUATE_CONTENT,EVALUATE_CHECK,STUDENT_NAME,EVALUATE_CREATE_DATE,STUDY_DATE) values (43,9,48,4,'못가르쳐요','Y','FrankieEdgar',to_date('20/06/21','RR/MM/DD'),to_date('20/06/21','RR/MM/DD'));
Insert into KING.EVALUATION (IDX,TUTOR_NO,STUDENT_NO,SCORE,EVALUATE_CONTENT,EVALUATE_CHECK,STUDENT_NAME,EVALUATE_CREATE_DATE,STUDY_DATE) values (44,9,49,5,'잘가르쳐요','Y','JoshEmmett',to_date('20/06/21','RR/MM/DD'),to_date('20/06/21','RR/MM/DD'));
Insert into KING.EVALUATION (IDX,TUTOR_NO,STUDENT_NO,SCORE,EVALUATE_CONTENT,EVALUATE_CHECK,STUDENT_NAME,EVALUATE_CREATE_DATE,STUDY_DATE) values (45,9,50,4,'모르겠어요','Y','JeremyStephens',to_date('20/06/21','RR/MM/DD'),to_date('20/06/21','RR/MM/DD'));
Insert into KING.EVALUATION (IDX,TUTOR_NO,STUDENT_NO,SCORE,EVALUATE_CONTENT,EVALUATE_CHECK,STUDENT_NAME,EVALUATE_CREATE_DATE,STUDY_DATE) values (46,9,51,null,null,'N','ShaneBurgos',null,to_date('20/06/21','RR/MM/DD'));
Insert into KING.EVALUATION (IDX,TUTOR_NO,STUDENT_NO,SCORE,EVALUATE_CONTENT,EVALUATE_CHECK,STUDENT_NAME,EVALUATE_CREATE_DATE,STUDY_DATE) values (47,10,1,5,'강의가 너무 재미있네요','Y','이찬양',to_date('20/06/20','RR/MM/DD'),to_date('20/06/20','RR/MM/DD'));
Insert into KING.EVALUATION (IDX,TUTOR_NO,STUDENT_NO,SCORE,EVALUATE_CONTENT,EVALUATE_CHECK,STUDENT_NAME,EVALUATE_CREATE_DATE,STUDY_DATE) values (48,10,47,4,'재미없어요','Y','CalvinKattar',to_date('20/06/21','RR/MM/DD'),to_date('20/06/21','RR/MM/DD'));
Insert into KING.EVALUATION (IDX,TUTOR_NO,STUDENT_NO,SCORE,EVALUATE_CONTENT,EVALUATE_CHECK,STUDENT_NAME,EVALUATE_CREATE_DATE,STUDY_DATE) values (49,10,48,4,'못가르쳐요','Y','FrankieEdgar',to_date('20/06/21','RR/MM/DD'),to_date('20/06/21','RR/MM/DD'));
Insert into KING.EVALUATION (IDX,TUTOR_NO,STUDENT_NO,SCORE,EVALUATE_CONTENT,EVALUATE_CHECK,STUDENT_NAME,EVALUATE_CREATE_DATE,STUDY_DATE) values (50,10,49,5,'잘가르쳐요','Y','JoshEmmett',to_date('20/06/21','RR/MM/DD'),to_date('20/06/21','RR/MM/DD'));
Insert into KING.EVALUATION (IDX,TUTOR_NO,STUDENT_NO,SCORE,EVALUATE_CONTENT,EVALUATE_CHECK,STUDENT_NAME,EVALUATE_CREATE_DATE,STUDY_DATE) values (51,10,50,4,'모르겠어요','Y','JeremyStephens',to_date('20/06/21','RR/MM/DD'),to_date('20/06/21','RR/MM/DD'));
Insert into KING.EVALUATION (IDX,TUTOR_NO,STUDENT_NO,SCORE,EVALUATE_CONTENT,EVALUATE_CHECK,STUDENT_NAME,EVALUATE_CREATE_DATE,STUDY_DATE) values (52,10,51,null,null,'N','ShaneBurgos',null,to_date('20/06/21','RR/MM/DD'));
Insert into KING.EVALUATION (IDX,TUTOR_NO,STUDENT_NO,SCORE,EVALUATE_CONTENT,EVALUATE_CHECK,STUDENT_NAME,EVALUATE_CREATE_DATE,STUDY_DATE) values (53,11,1,5,'강의가 너무 재미있네요','Y','이찬양',to_date('20/06/20','RR/MM/DD'),to_date('20/06/20','RR/MM/DD'));
Insert into KING.EVALUATION (IDX,TUTOR_NO,STUDENT_NO,SCORE,EVALUATE_CONTENT,EVALUATE_CHECK,STUDENT_NAME,EVALUATE_CREATE_DATE,STUDY_DATE) values (54,11,47,4,'재미없어요','Y','CalvinKattar',to_date('20/06/21','RR/MM/DD'),to_date('20/06/21','RR/MM/DD'));
Insert into KING.EVALUATION (IDX,TUTOR_NO,STUDENT_NO,SCORE,EVALUATE_CONTENT,EVALUATE_CHECK,STUDENT_NAME,EVALUATE_CREATE_DATE,STUDY_DATE) values (55,11,48,4,'못가르쳐요','Y','FrankieEdgar',to_date('20/06/21','RR/MM/DD'),to_date('20/06/21','RR/MM/DD'));
Insert into KING.EVALUATION (IDX,TUTOR_NO,STUDENT_NO,SCORE,EVALUATE_CONTENT,EVALUATE_CHECK,STUDENT_NAME,EVALUATE_CREATE_DATE,STUDY_DATE) values (56,11,49,5,'잘가르쳐요','Y','JoshEmmett',to_date('20/06/21','RR/MM/DD'),to_date('20/06/21','RR/MM/DD'));
Insert into KING.EVALUATION (IDX,TUTOR_NO,STUDENT_NO,SCORE,EVALUATE_CONTENT,EVALUATE_CHECK,STUDENT_NAME,EVALUATE_CREATE_DATE,STUDY_DATE) values (57,11,50,4,'모르겠어요','Y','JeremyStephens',to_date('20/06/21','RR/MM/DD'),to_date('20/06/21','RR/MM/DD'));
Insert into KING.EVALUATION (IDX,TUTOR_NO,STUDENT_NO,SCORE,EVALUATE_CONTENT,EVALUATE_CHECK,STUDENT_NAME,EVALUATE_CREATE_DATE,STUDY_DATE) values (58,11,51,null,null,'N','ShaneBurgos',null,to_date('20/06/21','RR/MM/DD'));
Insert into KING.EVALUATION (IDX,TUTOR_NO,STUDENT_NO,SCORE,EVALUATE_CONTENT,EVALUATE_CHECK,STUDENT_NAME,EVALUATE_CREATE_DATE,STUDY_DATE) values (59,12,1,5,'강의가 너무 재미있네요','Y','이찬양',to_date('20/06/20','RR/MM/DD'),to_date('20/06/20','RR/MM/DD'));
Insert into KING.EVALUATION (IDX,TUTOR_NO,STUDENT_NO,SCORE,EVALUATE_CONTENT,EVALUATE_CHECK,STUDENT_NAME,EVALUATE_CREATE_DATE,STUDY_DATE) values (60,12,47,4,'재미없어요','Y','CalvinKattar',to_date('20/06/21','RR/MM/DD'),to_date('20/06/21','RR/MM/DD'));
Insert into KING.EVALUATION (IDX,TUTOR_NO,STUDENT_NO,SCORE,EVALUATE_CONTENT,EVALUATE_CHECK,STUDENT_NAME,EVALUATE_CREATE_DATE,STUDY_DATE) values (61,12,48,4,'못가르쳐요','Y','FrankieEdgar',to_date('20/06/21','RR/MM/DD'),to_date('20/06/21','RR/MM/DD'));
Insert into KING.EVALUATION (IDX,TUTOR_NO,STUDENT_NO,SCORE,EVALUATE_CONTENT,EVALUATE_CHECK,STUDENT_NAME,EVALUATE_CREATE_DATE,STUDY_DATE) values (62,12,49,5,'잘가르쳐요','Y','JoshEmmett',to_date('20/06/21','RR/MM/DD'),to_date('20/06/21','RR/MM/DD'));
Insert into KING.EVALUATION (IDX,TUTOR_NO,STUDENT_NO,SCORE,EVALUATE_CONTENT,EVALUATE_CHECK,STUDENT_NAME,EVALUATE_CREATE_DATE,STUDY_DATE) values (63,12,50,4,'모르겠어요','Y','JeremyStephens',to_date('20/06/21','RR/MM/DD'),to_date('20/06/21','RR/MM/DD'));
Insert into KING.EVALUATION (IDX,TUTOR_NO,STUDENT_NO,SCORE,EVALUATE_CONTENT,EVALUATE_CHECK,STUDENT_NAME,EVALUATE_CREATE_DATE,STUDY_DATE) values (64,12,51,null,null,'N','ShaneBurgos',null,to_date('20/06/21','RR/MM/DD'));
Insert into KING.EVALUATION (IDX,TUTOR_NO,STUDENT_NO,SCORE,EVALUATE_CONTENT,EVALUATE_CHECK,STUDENT_NAME,EVALUATE_CREATE_DATE,STUDY_DATE) values (65,13,1,5,'강의가 너무 재미있네요','Y','이찬양',to_date('20/06/20','RR/MM/DD'),to_date('20/06/20','RR/MM/DD'));
Insert into KING.EVALUATION (IDX,TUTOR_NO,STUDENT_NO,SCORE,EVALUATE_CONTENT,EVALUATE_CHECK,STUDENT_NAME,EVALUATE_CREATE_DATE,STUDY_DATE) values (66,13,47,4,'재미없어요','Y','CalvinKattar',to_date('20/06/21','RR/MM/DD'),to_date('20/06/21','RR/MM/DD'));
Insert into KING.EVALUATION (IDX,TUTOR_NO,STUDENT_NO,SCORE,EVALUATE_CONTENT,EVALUATE_CHECK,STUDENT_NAME,EVALUATE_CREATE_DATE,STUDY_DATE) values (67,13,48,4,'못가르쳐요','Y','FrankieEdgar',to_date('20/06/21','RR/MM/DD'),to_date('20/06/21','RR/MM/DD'));
Insert into KING.EVALUATION (IDX,TUTOR_NO,STUDENT_NO,SCORE,EVALUATE_CONTENT,EVALUATE_CHECK,STUDENT_NAME,EVALUATE_CREATE_DATE,STUDY_DATE) values (68,13,49,5,'잘가르쳐요','Y','JoshEmmett',to_date('20/06/21','RR/MM/DD'),to_date('20/06/21','RR/MM/DD'));
Insert into KING.EVALUATION (IDX,TUTOR_NO,STUDENT_NO,SCORE,EVALUATE_CONTENT,EVALUATE_CHECK,STUDENT_NAME,EVALUATE_CREATE_DATE,STUDY_DATE) values (69,13,50,4,'모르겠어요','Y','JeremyStephens',to_date('20/06/21','RR/MM/DD'),to_date('20/06/21','RR/MM/DD'));
Insert into KING.EVALUATION (IDX,TUTOR_NO,STUDENT_NO,SCORE,EVALUATE_CONTENT,EVALUATE_CHECK,STUDENT_NAME,EVALUATE_CREATE_DATE,STUDY_DATE) values (70,13,51,null,null,'N','ShaneBurgos',null,to_date('20/06/21','RR/MM/DD'));
Insert into KING.EVALUATION (IDX,TUTOR_NO,STUDENT_NO,SCORE,EVALUATE_CONTENT,EVALUATE_CHECK,STUDENT_NAME,EVALUATE_CREATE_DATE,STUDY_DATE) values (71,14,1,5,'강의가 너무 재미있네요','Y','이찬양',to_date('20/06/20','RR/MM/DD'),to_date('20/06/20','RR/MM/DD'));
Insert into KING.EVALUATION (IDX,TUTOR_NO,STUDENT_NO,SCORE,EVALUATE_CONTENT,EVALUATE_CHECK,STUDENT_NAME,EVALUATE_CREATE_DATE,STUDY_DATE) values (72,14,47,4,'재미없어요','Y','CalvinKattar',to_date('20/06/21','RR/MM/DD'),to_date('20/06/21','RR/MM/DD'));
Insert into KING.EVALUATION (IDX,TUTOR_NO,STUDENT_NO,SCORE,EVALUATE_CONTENT,EVALUATE_CHECK,STUDENT_NAME,EVALUATE_CREATE_DATE,STUDY_DATE) values (73,14,48,4,'못가르쳐요','Y','FrankieEdgar',to_date('20/06/21','RR/MM/DD'),to_date('20/06/21','RR/MM/DD'));
Insert into KING.EVALUATION (IDX,TUTOR_NO,STUDENT_NO,SCORE,EVALUATE_CONTENT,EVALUATE_CHECK,STUDENT_NAME,EVALUATE_CREATE_DATE,STUDY_DATE) values (74,14,49,5,'잘가르쳐요','Y','JoshEmmett',to_date('20/06/21','RR/MM/DD'),to_date('20/06/21','RR/MM/DD'));
Insert into KING.EVALUATION (IDX,TUTOR_NO,STUDENT_NO,SCORE,EVALUATE_CONTENT,EVALUATE_CHECK,STUDENT_NAME,EVALUATE_CREATE_DATE,STUDY_DATE) values (75,14,50,4,'모르겠어요','Y','JeremyStephens',to_date('20/06/21','RR/MM/DD'),to_date('20/06/21','RR/MM/DD'));
Insert into KING.EVALUATION (IDX,TUTOR_NO,STUDENT_NO,SCORE,EVALUATE_CONTENT,EVALUATE_CHECK,STUDENT_NAME,EVALUATE_CREATE_DATE,STUDY_DATE) values (76,14,51,null,null,'N','ShaneBurgos',null,to_date('20/06/21','RR/MM/DD'));
Insert into KING.EVALUATION (IDX,TUTOR_NO,STUDENT_NO,SCORE,EVALUATE_CONTENT,EVALUATE_CHECK,STUDENT_NAME,EVALUATE_CREATE_DATE,STUDY_DATE) values (77,15,1,5,'강의가 너무 재미있네요','Y','이찬양',to_date('20/06/20','RR/MM/DD'),to_date('20/06/20','RR/MM/DD'));
Insert into KING.EVALUATION (IDX,TUTOR_NO,STUDENT_NO,SCORE,EVALUATE_CONTENT,EVALUATE_CHECK,STUDENT_NAME,EVALUATE_CREATE_DATE,STUDY_DATE) values (78,15,47,4,'재미없어요','Y','CalvinKattar',to_date('20/06/21','RR/MM/DD'),to_date('20/06/21','RR/MM/DD'));
Insert into KING.EVALUATION (IDX,TUTOR_NO,STUDENT_NO,SCORE,EVALUATE_CONTENT,EVALUATE_CHECK,STUDENT_NAME,EVALUATE_CREATE_DATE,STUDY_DATE) values (79,15,48,4,'못가르쳐요','Y','FrankieEdgar',to_date('20/06/21','RR/MM/DD'),to_date('20/06/21','RR/MM/DD'));
Insert into KING.EVALUATION (IDX,TUTOR_NO,STUDENT_NO,SCORE,EVALUATE_CONTENT,EVALUATE_CHECK,STUDENT_NAME,EVALUATE_CREATE_DATE,STUDY_DATE) values (80,15,49,5,'잘가르쳐요','Y','JoshEmmett',to_date('20/06/21','RR/MM/DD'),to_date('20/06/21','RR/MM/DD'));
Insert into KING.EVALUATION (IDX,TUTOR_NO,STUDENT_NO,SCORE,EVALUATE_CONTENT,EVALUATE_CHECK,STUDENT_NAME,EVALUATE_CREATE_DATE,STUDY_DATE) values (81,15,50,4,'모르겠어요','Y','JeremyStephens',to_date('20/06/21','RR/MM/DD'),to_date('20/06/21','RR/MM/DD'));
Insert into KING.EVALUATION (IDX,TUTOR_NO,STUDENT_NO,SCORE,EVALUATE_CONTENT,EVALUATE_CHECK,STUDENT_NAME,EVALUATE_CREATE_DATE,STUDY_DATE) values (82,15,51,null,null,'N','ShaneBurgos',null,to_date('20/06/21','RR/MM/DD'));
Insert into KING.EVALUATION (IDX,TUTOR_NO,STUDENT_NO,SCORE,EVALUATE_CONTENT,EVALUATE_CHECK,STUDENT_NAME,EVALUATE_CREATE_DATE,STUDY_DATE) values (83,16,1,5,'강의가 너무 재미있네요','Y','이찬양',to_date('20/06/20','RR/MM/DD'),to_date('20/06/20','RR/MM/DD'));
Insert into KING.EVALUATION (IDX,TUTOR_NO,STUDENT_NO,SCORE,EVALUATE_CONTENT,EVALUATE_CHECK,STUDENT_NAME,EVALUATE_CREATE_DATE,STUDY_DATE) values (84,16,47,4,'재미없어요','Y','CalvinKattar',to_date('20/06/21','RR/MM/DD'),to_date('20/06/21','RR/MM/DD'));
Insert into KING.EVALUATION (IDX,TUTOR_NO,STUDENT_NO,SCORE,EVALUATE_CONTENT,EVALUATE_CHECK,STUDENT_NAME,EVALUATE_CREATE_DATE,STUDY_DATE) values (85,16,48,4,'못가르쳐요','Y','FrankieEdgar',to_date('20/06/21','RR/MM/DD'),to_date('20/06/21','RR/MM/DD'));
Insert into KING.EVALUATION (IDX,TUTOR_NO,STUDENT_NO,SCORE,EVALUATE_CONTENT,EVALUATE_CHECK,STUDENT_NAME,EVALUATE_CREATE_DATE,STUDY_DATE) values (86,16,49,5,'잘가르쳐요','Y','JoshEmmett',to_date('20/06/21','RR/MM/DD'),to_date('20/06/21','RR/MM/DD'));
Insert into KING.EVALUATION (IDX,TUTOR_NO,STUDENT_NO,SCORE,EVALUATE_CONTENT,EVALUATE_CHECK,STUDENT_NAME,EVALUATE_CREATE_DATE,STUDY_DATE) values (87,16,50,4,'모르겠어요','Y','JeremyStephens',to_date('20/06/21','RR/MM/DD'),to_date('20/06/21','RR/MM/DD'));
Insert into KING.EVALUATION (IDX,TUTOR_NO,STUDENT_NO,SCORE,EVALUATE_CONTENT,EVALUATE_CHECK,STUDENT_NAME,EVALUATE_CREATE_DATE,STUDY_DATE) values (88,16,51,null,null,'N','ShaneBurgos',null,to_date('20/06/21','RR/MM/DD'));
Insert into KING.EVALUATION (IDX,TUTOR_NO,STUDENT_NO,SCORE,EVALUATE_CONTENT,EVALUATE_CHECK,STUDENT_NAME,EVALUATE_CREATE_DATE,STUDY_DATE) values (89,17,1,5,'강의가 너무 재미있네요','Y','이찬양',to_date('20/06/20','RR/MM/DD'),to_date('20/06/20','RR/MM/DD'));
Insert into KING.EVALUATION (IDX,TUTOR_NO,STUDENT_NO,SCORE,EVALUATE_CONTENT,EVALUATE_CHECK,STUDENT_NAME,EVALUATE_CREATE_DATE,STUDY_DATE) values (90,17,47,4,'재미없어요','Y','CalvinKattar',to_date('20/06/21','RR/MM/DD'),to_date('20/06/21','RR/MM/DD'));
Insert into KING.EVALUATION (IDX,TUTOR_NO,STUDENT_NO,SCORE,EVALUATE_CONTENT,EVALUATE_CHECK,STUDENT_NAME,EVALUATE_CREATE_DATE,STUDY_DATE) values (91,17,48,4,'못가르쳐요','Y','FrankieEdgar',to_date('20/06/21','RR/MM/DD'),to_date('20/06/21','RR/MM/DD'));
Insert into KING.EVALUATION (IDX,TUTOR_NO,STUDENT_NO,SCORE,EVALUATE_CONTENT,EVALUATE_CHECK,STUDENT_NAME,EVALUATE_CREATE_DATE,STUDY_DATE) values (92,17,49,5,'잘가르쳐요','Y','JoshEmmett',to_date('20/06/21','RR/MM/DD'),to_date('20/06/21','RR/MM/DD'));
Insert into KING.EVALUATION (IDX,TUTOR_NO,STUDENT_NO,SCORE,EVALUATE_CONTENT,EVALUATE_CHECK,STUDENT_NAME,EVALUATE_CREATE_DATE,STUDY_DATE) values (93,17,50,4,'모르겠어요','Y','JeremyStephens',to_date('20/06/21','RR/MM/DD'),to_date('20/06/21','RR/MM/DD'));
Insert into KING.EVALUATION (IDX,TUTOR_NO,STUDENT_NO,SCORE,EVALUATE_CONTENT,EVALUATE_CHECK,STUDENT_NAME,EVALUATE_CREATE_DATE,STUDY_DATE) values (94,17,51,null,null,'N','ShaneBurgos',null,to_date('20/06/21','RR/MM/DD'));
Insert into KING.EVALUATION (IDX,TUTOR_NO,STUDENT_NO,SCORE,EVALUATE_CONTENT,EVALUATE_CHECK,STUDENT_NAME,EVALUATE_CREATE_DATE,STUDY_DATE) values (95,18,1,5,'강의가 너무 재미있네요','Y','이찬양',to_date('20/06/20','RR/MM/DD'),to_date('20/06/20','RR/MM/DD'));
Insert into KING.EVALUATION (IDX,TUTOR_NO,STUDENT_NO,SCORE,EVALUATE_CONTENT,EVALUATE_CHECK,STUDENT_NAME,EVALUATE_CREATE_DATE,STUDY_DATE) values (96,18,47,4,'재미없어요','Y','CalvinKattar',to_date('20/06/21','RR/MM/DD'),to_date('20/06/21','RR/MM/DD'));
Insert into KING.EVALUATION (IDX,TUTOR_NO,STUDENT_NO,SCORE,EVALUATE_CONTENT,EVALUATE_CHECK,STUDENT_NAME,EVALUATE_CREATE_DATE,STUDY_DATE) values (97,18,48,4,'못가르쳐요','Y','FrankieEdgar',to_date('20/06/21','RR/MM/DD'),to_date('20/06/21','RR/MM/DD'));
Insert into KING.EVALUATION (IDX,TUTOR_NO,STUDENT_NO,SCORE,EVALUATE_CONTENT,EVALUATE_CHECK,STUDENT_NAME,EVALUATE_CREATE_DATE,STUDY_DATE) values (98,18,49,5,'잘가르쳐요','Y','JoshEmmett',to_date('20/06/21','RR/MM/DD'),to_date('20/06/21','RR/MM/DD'));
Insert into KING.EVALUATION (IDX,TUTOR_NO,STUDENT_NO,SCORE,EVALUATE_CONTENT,EVALUATE_CHECK,STUDENT_NAME,EVALUATE_CREATE_DATE,STUDY_DATE) values (99,18,50,4,'모르겠어요','Y','JeremyStephens',to_date('20/06/21','RR/MM/DD'),to_date('20/06/21','RR/MM/DD'));
Insert into KING.EVALUATION (IDX,TUTOR_NO,STUDENT_NO,SCORE,EVALUATE_CONTENT,EVALUATE_CHECK,STUDENT_NAME,EVALUATE_CREATE_DATE,STUDY_DATE) values (100,18,51,null,null,'N','ShaneBurgos',null,to_date('20/06/21','RR/MM/DD'));
Insert into KING.EVALUATION (IDX,TUTOR_NO,STUDENT_NO,SCORE,EVALUATE_CONTENT,EVALUATE_CHECK,STUDENT_NAME,EVALUATE_CREATE_DATE,STUDY_DATE) values (101,19,1,5,'강의가 너무 재미있네요','Y','이찬양',to_date('20/06/20','RR/MM/DD'),to_date('20/06/20','RR/MM/DD'));
Insert into KING.EVALUATION (IDX,TUTOR_NO,STUDENT_NO,SCORE,EVALUATE_CONTENT,EVALUATE_CHECK,STUDENT_NAME,EVALUATE_CREATE_DATE,STUDY_DATE) values (102,19,47,4,'재미없어요','Y','CalvinKattar',to_date('20/06/21','RR/MM/DD'),to_date('20/06/21','RR/MM/DD'));
Insert into KING.EVALUATION (IDX,TUTOR_NO,STUDENT_NO,SCORE,EVALUATE_CONTENT,EVALUATE_CHECK,STUDENT_NAME,EVALUATE_CREATE_DATE,STUDY_DATE) values (103,19,48,4,'못가르쳐요','Y','FrankieEdgar',to_date('20/06/21','RR/MM/DD'),to_date('20/06/21','RR/MM/DD'));
Insert into KING.EVALUATION (IDX,TUTOR_NO,STUDENT_NO,SCORE,EVALUATE_CONTENT,EVALUATE_CHECK,STUDENT_NAME,EVALUATE_CREATE_DATE,STUDY_DATE) values (104,19,49,5,'잘가르쳐요','Y','JoshEmmett',to_date('20/06/21','RR/MM/DD'),to_date('20/06/21','RR/MM/DD'));
Insert into KING.EVALUATION (IDX,TUTOR_NO,STUDENT_NO,SCORE,EVALUATE_CONTENT,EVALUATE_CHECK,STUDENT_NAME,EVALUATE_CREATE_DATE,STUDY_DATE) values (105,19,50,4,'모르겠어요','Y','JeremyStephens',to_date('20/06/21','RR/MM/DD'),to_date('20/06/21','RR/MM/DD'));
Insert into KING.EVALUATION (IDX,TUTOR_NO,STUDENT_NO,SCORE,EVALUATE_CONTENT,EVALUATE_CHECK,STUDENT_NAME,EVALUATE_CREATE_DATE,STUDY_DATE) values (106,19,51,null,null,'N','ShaneBurgos',null,to_date('20/06/21','RR/MM/DD'));
Insert into KING.EVALUATION (IDX,TUTOR_NO,STUDENT_NO,SCORE,EVALUATE_CONTENT,EVALUATE_CHECK,STUDENT_NAME,EVALUATE_CREATE_DATE,STUDY_DATE) values (107,20,1,5,'강의가 너무 재미있네요','Y','이찬양',to_date('20/06/20','RR/MM/DD'),to_date('20/06/20','RR/MM/DD'));
Insert into KING.EVALUATION (IDX,TUTOR_NO,STUDENT_NO,SCORE,EVALUATE_CONTENT,EVALUATE_CHECK,STUDENT_NAME,EVALUATE_CREATE_DATE,STUDY_DATE) values (108,20,47,4,'재미없어요','Y','CalvinKattar',to_date('20/06/21','RR/MM/DD'),to_date('20/06/21','RR/MM/DD'));
Insert into KING.EVALUATION (IDX,TUTOR_NO,STUDENT_NO,SCORE,EVALUATE_CONTENT,EVALUATE_CHECK,STUDENT_NAME,EVALUATE_CREATE_DATE,STUDY_DATE) values (109,20,48,4,'못가르쳐요','Y','FrankieEdgar',to_date('20/06/21','RR/MM/DD'),to_date('20/06/21','RR/MM/DD'));
Insert into KING.EVALUATION (IDX,TUTOR_NO,STUDENT_NO,SCORE,EVALUATE_CONTENT,EVALUATE_CHECK,STUDENT_NAME,EVALUATE_CREATE_DATE,STUDY_DATE) values (110,20,49,5,'잘가르쳐요','Y','JoshEmmett',to_date('20/06/21','RR/MM/DD'),to_date('20/06/21','RR/MM/DD'));
Insert into KING.EVALUATION (IDX,TUTOR_NO,STUDENT_NO,SCORE,EVALUATE_CONTENT,EVALUATE_CHECK,STUDENT_NAME,EVALUATE_CREATE_DATE,STUDY_DATE) values (111,20,50,4,'모르겠어요','Y','JeremyStephens',to_date('20/06/21','RR/MM/DD'),to_date('20/06/21','RR/MM/DD'));
Insert into KING.EVALUATION (IDX,TUTOR_NO,STUDENT_NO,SCORE,EVALUATE_CONTENT,EVALUATE_CHECK,STUDENT_NAME,EVALUATE_CREATE_DATE,STUDY_DATE) values (112,20,51,null,null,'N','ShaneBurgos',null,to_date('20/06/21','RR/MM/DD'));
Insert into KING.EVALUATION (IDX,TUTOR_NO,STUDENT_NO,SCORE,EVALUATE_CONTENT,EVALUATE_CHECK,STUDENT_NAME,EVALUATE_CREATE_DATE,STUDY_DATE) values (113,21,1,5,'강의가 너무 재미있네요','Y','이찬양',to_date('20/06/20','RR/MM/DD'),to_date('20/06/20','RR/MM/DD'));
Insert into KING.EVALUATION (IDX,TUTOR_NO,STUDENT_NO,SCORE,EVALUATE_CONTENT,EVALUATE_CHECK,STUDENT_NAME,EVALUATE_CREATE_DATE,STUDY_DATE) values (114,21,47,4,'재미없어요','Y','CalvinKattar',to_date('20/06/21','RR/MM/DD'),to_date('20/06/21','RR/MM/DD'));
Insert into KING.EVALUATION (IDX,TUTOR_NO,STUDENT_NO,SCORE,EVALUATE_CONTENT,EVALUATE_CHECK,STUDENT_NAME,EVALUATE_CREATE_DATE,STUDY_DATE) values (115,21,48,4,'못가르쳐요','Y','FrankieEdgar',to_date('20/06/21','RR/MM/DD'),to_date('20/06/21','RR/MM/DD'));
Insert into KING.EVALUATION (IDX,TUTOR_NO,STUDENT_NO,SCORE,EVALUATE_CONTENT,EVALUATE_CHECK,STUDENT_NAME,EVALUATE_CREATE_DATE,STUDY_DATE) values (116,21,49,5,'잘가르쳐요','Y','JoshEmmett',to_date('20/06/21','RR/MM/DD'),to_date('20/06/21','RR/MM/DD'));
Insert into KING.EVALUATION (IDX,TUTOR_NO,STUDENT_NO,SCORE,EVALUATE_CONTENT,EVALUATE_CHECK,STUDENT_NAME,EVALUATE_CREATE_DATE,STUDY_DATE) values (117,21,50,4,'모르겠어요','Y','JeremyStephens',to_date('20/06/21','RR/MM/DD'),to_date('20/06/21','RR/MM/DD'));
Insert into KING.EVALUATION (IDX,TUTOR_NO,STUDENT_NO,SCORE,EVALUATE_CONTENT,EVALUATE_CHECK,STUDENT_NAME,EVALUATE_CREATE_DATE,STUDY_DATE) values (118,21,51,null,null,'N','ShaneBurgos',null,to_date('20/06/21','RR/MM/DD'));
Insert into KING.EVALUATION (IDX,TUTOR_NO,STUDENT_NO,SCORE,EVALUATE_CONTENT,EVALUATE_CHECK,STUDENT_NAME,EVALUATE_CREATE_DATE,STUDY_DATE) values (119,22,1,5,'강의가 너무 재미있네요','Y','이찬양',to_date('20/06/20','RR/MM/DD'),to_date('20/06/20','RR/MM/DD'));
Insert into KING.EVALUATION (IDX,TUTOR_NO,STUDENT_NO,SCORE,EVALUATE_CONTENT,EVALUATE_CHECK,STUDENT_NAME,EVALUATE_CREATE_DATE,STUDY_DATE) values (120,22,47,4,'재미없어요','Y','CalvinKattar',to_date('20/06/21','RR/MM/DD'),to_date('20/06/21','RR/MM/DD'));
Insert into KING.EVALUATION (IDX,TUTOR_NO,STUDENT_NO,SCORE,EVALUATE_CONTENT,EVALUATE_CHECK,STUDENT_NAME,EVALUATE_CREATE_DATE,STUDY_DATE) values (121,22,48,4,'못가르쳐요','Y','FrankieEdgar',to_date('20/06/21','RR/MM/DD'),to_date('20/06/21','RR/MM/DD'));
Insert into KING.EVALUATION (IDX,TUTOR_NO,STUDENT_NO,SCORE,EVALUATE_CONTENT,EVALUATE_CHECK,STUDENT_NAME,EVALUATE_CREATE_DATE,STUDY_DATE) values (122,22,49,5,'잘가르쳐요','Y','JoshEmmett',to_date('20/06/21','RR/MM/DD'),to_date('20/06/21','RR/MM/DD'));
Insert into KING.EVALUATION (IDX,TUTOR_NO,STUDENT_NO,SCORE,EVALUATE_CONTENT,EVALUATE_CHECK,STUDENT_NAME,EVALUATE_CREATE_DATE,STUDY_DATE) values (123,22,50,4,'모르겠어요','Y','JeremyStephens',to_date('20/06/21','RR/MM/DD'),to_date('20/06/21','RR/MM/DD'));
Insert into KING.EVALUATION (IDX,TUTOR_NO,STUDENT_NO,SCORE,EVALUATE_CONTENT,EVALUATE_CHECK,STUDENT_NAME,EVALUATE_CREATE_DATE,STUDY_DATE) values (124,22,51,null,null,'N','ShaneBurgos',null,to_date('20/06/21','RR/MM/DD'));
Insert into KING.EVALUATION (IDX,TUTOR_NO,STUDENT_NO,SCORE,EVALUATE_CONTENT,EVALUATE_CHECK,STUDENT_NAME,EVALUATE_CREATE_DATE,STUDY_DATE) values (125,23,1,5,'강의가 너무 재미있네요','Y','이찬양',to_date('20/06/20','RR/MM/DD'),to_date('20/06/20','RR/MM/DD'));
Insert into KING.EVALUATION (IDX,TUTOR_NO,STUDENT_NO,SCORE,EVALUATE_CONTENT,EVALUATE_CHECK,STUDENT_NAME,EVALUATE_CREATE_DATE,STUDY_DATE) values (126,23,47,4,'재미없어요','Y','CalvinKattar',to_date('20/06/21','RR/MM/DD'),to_date('20/06/21','RR/MM/DD'));
Insert into KING.EVALUATION (IDX,TUTOR_NO,STUDENT_NO,SCORE,EVALUATE_CONTENT,EVALUATE_CHECK,STUDENT_NAME,EVALUATE_CREATE_DATE,STUDY_DATE) values (127,23,48,4,'못가르쳐요','Y','FrankieEdgar',to_date('20/06/21','RR/MM/DD'),to_date('20/06/21','RR/MM/DD'));
Insert into KING.EVALUATION (IDX,TUTOR_NO,STUDENT_NO,SCORE,EVALUATE_CONTENT,EVALUATE_CHECK,STUDENT_NAME,EVALUATE_CREATE_DATE,STUDY_DATE) values (128,23,49,5,'잘가르쳐요','Y','JoshEmmett',to_date('20/06/21','RR/MM/DD'),to_date('20/06/21','RR/MM/DD'));
Insert into KING.EVALUATION (IDX,TUTOR_NO,STUDENT_NO,SCORE,EVALUATE_CONTENT,EVALUATE_CHECK,STUDENT_NAME,EVALUATE_CREATE_DATE,STUDY_DATE) values (129,23,50,4,'모르겠어요','Y','JeremyStephens',to_date('20/06/21','RR/MM/DD'),to_date('20/06/21','RR/MM/DD'));
Insert into KING.EVALUATION (IDX,TUTOR_NO,STUDENT_NO,SCORE,EVALUATE_CONTENT,EVALUATE_CHECK,STUDENT_NAME,EVALUATE_CREATE_DATE,STUDY_DATE) values (130,23,51,null,null,'N','ShaneBurgos',null,to_date('20/06/21','RR/MM/DD'));
Insert into KING.EVALUATION (IDX,TUTOR_NO,STUDENT_NO,SCORE,EVALUATE_CONTENT,EVALUATE_CHECK,STUDENT_NAME,EVALUATE_CREATE_DATE,STUDY_DATE) values (131,24,1,5,'강의가 너무 재미있네요','Y','이찬양',to_date('20/06/20','RR/MM/DD'),to_date('20/06/20','RR/MM/DD'));
Insert into KING.EVALUATION (IDX,TUTOR_NO,STUDENT_NO,SCORE,EVALUATE_CONTENT,EVALUATE_CHECK,STUDENT_NAME,EVALUATE_CREATE_DATE,STUDY_DATE) values (132,24,47,4,'재미없어요','Y','CalvinKattar',to_date('20/06/21','RR/MM/DD'),to_date('20/06/21','RR/MM/DD'));
Insert into KING.EVALUATION (IDX,TUTOR_NO,STUDENT_NO,SCORE,EVALUATE_CONTENT,EVALUATE_CHECK,STUDENT_NAME,EVALUATE_CREATE_DATE,STUDY_DATE) values (133,24,48,4,'못가르쳐요','Y','FrankieEdgar',to_date('20/06/21','RR/MM/DD'),to_date('20/06/21','RR/MM/DD'));
Insert into KING.EVALUATION (IDX,TUTOR_NO,STUDENT_NO,SCORE,EVALUATE_CONTENT,EVALUATE_CHECK,STUDENT_NAME,EVALUATE_CREATE_DATE,STUDY_DATE) values (134,24,49,5,'잘가르쳐요','Y','JoshEmmett',to_date('20/06/21','RR/MM/DD'),to_date('20/06/21','RR/MM/DD'));
Insert into KING.EVALUATION (IDX,TUTOR_NO,STUDENT_NO,SCORE,EVALUATE_CONTENT,EVALUATE_CHECK,STUDENT_NAME,EVALUATE_CREATE_DATE,STUDY_DATE) values (135,24,50,4,'모르겠어요','Y','JeremyStephens',to_date('20/06/21','RR/MM/DD'),to_date('20/06/21','RR/MM/DD'));
Insert into KING.EVALUATION (IDX,TUTOR_NO,STUDENT_NO,SCORE,EVALUATE_CONTENT,EVALUATE_CHECK,STUDENT_NAME,EVALUATE_CREATE_DATE,STUDY_DATE) values (136,24,51,null,null,'N','ShaneBurgos',null,to_date('20/06/21','RR/MM/DD'));
Insert into KING.EVALUATION (IDX,TUTOR_NO,STUDENT_NO,SCORE,EVALUATE_CONTENT,EVALUATE_CHECK,STUDENT_NAME,EVALUATE_CREATE_DATE,STUDY_DATE) values (137,25,1,5,'강의가 너무 재미있네요','Y','이찬양',to_date('20/06/20','RR/MM/DD'),to_date('20/06/20','RR/MM/DD'));
Insert into KING.EVALUATION (IDX,TUTOR_NO,STUDENT_NO,SCORE,EVALUATE_CONTENT,EVALUATE_CHECK,STUDENT_NAME,EVALUATE_CREATE_DATE,STUDY_DATE) values (138,25,47,4,'재미없어요','Y','CalvinKattar',to_date('20/06/21','RR/MM/DD'),to_date('20/06/21','RR/MM/DD'));
Insert into KING.EVALUATION (IDX,TUTOR_NO,STUDENT_NO,SCORE,EVALUATE_CONTENT,EVALUATE_CHECK,STUDENT_NAME,EVALUATE_CREATE_DATE,STUDY_DATE) values (139,25,48,4,'못가르쳐요','Y','FrankieEdgar',to_date('20/06/21','RR/MM/DD'),to_date('20/06/21','RR/MM/DD'));
Insert into KING.EVALUATION (IDX,TUTOR_NO,STUDENT_NO,SCORE,EVALUATE_CONTENT,EVALUATE_CHECK,STUDENT_NAME,EVALUATE_CREATE_DATE,STUDY_DATE) values (140,25,49,5,'잘가르쳐요','Y','JoshEmmett',to_date('20/06/21','RR/MM/DD'),to_date('20/06/21','RR/MM/DD'));
Insert into KING.EVALUATION (IDX,TUTOR_NO,STUDENT_NO,SCORE,EVALUATE_CONTENT,EVALUATE_CHECK,STUDENT_NAME,EVALUATE_CREATE_DATE,STUDY_DATE) values (141,25,50,4,'모르겠어요','Y','JeremyStephens',to_date('20/06/21','RR/MM/DD'),to_date('20/06/21','RR/MM/DD'));
Insert into KING.EVALUATION (IDX,TUTOR_NO,STUDENT_NO,SCORE,EVALUATE_CONTENT,EVALUATE_CHECK,STUDENT_NAME,EVALUATE_CREATE_DATE,STUDY_DATE) values (142,25,51,null,null,'N','ShaneBurgos',null,to_date('20/06/21','RR/MM/DD'));
Insert into KING.EVALUATION (IDX,TUTOR_NO,STUDENT_NO,SCORE,EVALUATE_CONTENT,EVALUATE_CHECK,STUDENT_NAME,EVALUATE_CREATE_DATE,STUDY_DATE) values (143,26,1,5,'강의가 너무 재미있네요','Y','이찬양',to_date('20/06/20','RR/MM/DD'),to_date('20/06/20','RR/MM/DD'));
Insert into KING.EVALUATION (IDX,TUTOR_NO,STUDENT_NO,SCORE,EVALUATE_CONTENT,EVALUATE_CHECK,STUDENT_NAME,EVALUATE_CREATE_DATE,STUDY_DATE) values (144,26,47,4,'재미없어요','Y','CalvinKattar',to_date('20/06/21','RR/MM/DD'),to_date('20/06/21','RR/MM/DD'));
Insert into KING.EVALUATION (IDX,TUTOR_NO,STUDENT_NO,SCORE,EVALUATE_CONTENT,EVALUATE_CHECK,STUDENT_NAME,EVALUATE_CREATE_DATE,STUDY_DATE) values (145,26,48,4,'못가르쳐요','Y','FrankieEdgar',to_date('20/06/21','RR/MM/DD'),to_date('20/06/21','RR/MM/DD'));
Insert into KING.EVALUATION (IDX,TUTOR_NO,STUDENT_NO,SCORE,EVALUATE_CONTENT,EVALUATE_CHECK,STUDENT_NAME,EVALUATE_CREATE_DATE,STUDY_DATE) values (146,26,49,5,'잘가르쳐요','Y','JoshEmmett',to_date('20/06/21','RR/MM/DD'),to_date('20/06/21','RR/MM/DD'));
Insert into KING.EVALUATION (IDX,TUTOR_NO,STUDENT_NO,SCORE,EVALUATE_CONTENT,EVALUATE_CHECK,STUDENT_NAME,EVALUATE_CREATE_DATE,STUDY_DATE) values (147,26,50,4,'모르겠어요','Y','JeremyStephens',to_date('20/06/21','RR/MM/DD'),to_date('20/06/21','RR/MM/DD'));
Insert into KING.EVALUATION (IDX,TUTOR_NO,STUDENT_NO,SCORE,EVALUATE_CONTENT,EVALUATE_CHECK,STUDENT_NAME,EVALUATE_CREATE_DATE,STUDY_DATE) values (148,26,51,null,null,'N','ShaneBurgos',null,to_date('20/06/21','RR/MM/DD'));
Insert into KING.EVALUATION (IDX,TUTOR_NO,STUDENT_NO,SCORE,EVALUATE_CONTENT,EVALUATE_CHECK,STUDENT_NAME,EVALUATE_CREATE_DATE,STUDY_DATE) values (149,27,1,5,'강의가 너무 재미있네요','Y','이찬양',to_date('20/06/20','RR/MM/DD'),to_date('20/06/20','RR/MM/DD'));
Insert into KING.EVALUATION (IDX,TUTOR_NO,STUDENT_NO,SCORE,EVALUATE_CONTENT,EVALUATE_CHECK,STUDENT_NAME,EVALUATE_CREATE_DATE,STUDY_DATE) values (150,27,47,4,'재미없어요','Y','CalvinKattar',to_date('20/06/21','RR/MM/DD'),to_date('20/06/21','RR/MM/DD'));
Insert into KING.EVALUATION (IDX,TUTOR_NO,STUDENT_NO,SCORE,EVALUATE_CONTENT,EVALUATE_CHECK,STUDENT_NAME,EVALUATE_CREATE_DATE,STUDY_DATE) values (151,27,48,4,'못가르쳐요','Y','FrankieEdgar',to_date('20/06/21','RR/MM/DD'),to_date('20/06/21','RR/MM/DD'));
Insert into KING.EVALUATION (IDX,TUTOR_NO,STUDENT_NO,SCORE,EVALUATE_CONTENT,EVALUATE_CHECK,STUDENT_NAME,EVALUATE_CREATE_DATE,STUDY_DATE) values (152,27,49,5,'잘가르쳐요','Y','JoshEmmett',to_date('20/06/21','RR/MM/DD'),to_date('20/06/21','RR/MM/DD'));
Insert into KING.EVALUATION (IDX,TUTOR_NO,STUDENT_NO,SCORE,EVALUATE_CONTENT,EVALUATE_CHECK,STUDENT_NAME,EVALUATE_CREATE_DATE,STUDY_DATE) values (153,27,50,4,'모르겠어요','Y','JeremyStephens',to_date('20/06/21','RR/MM/DD'),to_date('20/06/21','RR/MM/DD'));
Insert into KING.EVALUATION (IDX,TUTOR_NO,STUDENT_NO,SCORE,EVALUATE_CONTENT,EVALUATE_CHECK,STUDENT_NAME,EVALUATE_CREATE_DATE,STUDY_DATE) values (154,27,51,null,null,'N','ShaneBurgos',null,to_date('20/06/21','RR/MM/DD'));
Insert into KING.EVALUATION (IDX,TUTOR_NO,STUDENT_NO,SCORE,EVALUATE_CONTENT,EVALUATE_CHECK,STUDENT_NAME,EVALUATE_CREATE_DATE,STUDY_DATE) values (155,28,1,5,'강의가 너무 재미있네요','Y','이찬양',to_date('20/06/20','RR/MM/DD'),to_date('20/06/20','RR/MM/DD'));
Insert into KING.EVALUATION (IDX,TUTOR_NO,STUDENT_NO,SCORE,EVALUATE_CONTENT,EVALUATE_CHECK,STUDENT_NAME,EVALUATE_CREATE_DATE,STUDY_DATE) values (156,28,47,4,'재미없어요','Y','CalvinKattar',to_date('20/06/21','RR/MM/DD'),to_date('20/06/21','RR/MM/DD'));
Insert into KING.EVALUATION (IDX,TUTOR_NO,STUDENT_NO,SCORE,EVALUATE_CONTENT,EVALUATE_CHECK,STUDENT_NAME,EVALUATE_CREATE_DATE,STUDY_DATE) values (157,28,48,4,'못가르쳐요','Y','FrankieEdgar',to_date('20/06/21','RR/MM/DD'),to_date('20/06/21','RR/MM/DD'));
Insert into KING.EVALUATION (IDX,TUTOR_NO,STUDENT_NO,SCORE,EVALUATE_CONTENT,EVALUATE_CHECK,STUDENT_NAME,EVALUATE_CREATE_DATE,STUDY_DATE) values (158,28,49,5,'잘가르쳐요','Y','JoshEmmett',to_date('20/06/21','RR/MM/DD'),to_date('20/06/21','RR/MM/DD'));
Insert into KING.EVALUATION (IDX,TUTOR_NO,STUDENT_NO,SCORE,EVALUATE_CONTENT,EVALUATE_CHECK,STUDENT_NAME,EVALUATE_CREATE_DATE,STUDY_DATE) values (159,28,50,4,'모르겠어요','Y','JeremyStephens',to_date('20/06/21','RR/MM/DD'),to_date('20/06/21','RR/MM/DD'));
Insert into KING.EVALUATION (IDX,TUTOR_NO,STUDENT_NO,SCORE,EVALUATE_CONTENT,EVALUATE_CHECK,STUDENT_NAME,EVALUATE_CREATE_DATE,STUDY_DATE) values (160,28,51,null,null,'N','ShaneBurgos',null,to_date('20/06/21','RR/MM/DD'));
Insert into KING.EVALUATION (IDX,TUTOR_NO,STUDENT_NO,SCORE,EVALUATE_CONTENT,EVALUATE_CHECK,STUDENT_NAME,EVALUATE_CREATE_DATE,STUDY_DATE) values (161,29,1,5,'강의가 너무 재미있네요','Y','이찬양',to_date('20/06/20','RR/MM/DD'),to_date('20/06/20','RR/MM/DD'));
Insert into KING.EVALUATION (IDX,TUTOR_NO,STUDENT_NO,SCORE,EVALUATE_CONTENT,EVALUATE_CHECK,STUDENT_NAME,EVALUATE_CREATE_DATE,STUDY_DATE) values (162,29,47,4,'재미없어요','Y','CalvinKattar',to_date('20/06/21','RR/MM/DD'),to_date('20/06/21','RR/MM/DD'));
Insert into KING.EVALUATION (IDX,TUTOR_NO,STUDENT_NO,SCORE,EVALUATE_CONTENT,EVALUATE_CHECK,STUDENT_NAME,EVALUATE_CREATE_DATE,STUDY_DATE) values (163,29,48,4,'못가르쳐요','Y','FrankieEdgar',to_date('20/06/21','RR/MM/DD'),to_date('20/06/21','RR/MM/DD'));
Insert into KING.EVALUATION (IDX,TUTOR_NO,STUDENT_NO,SCORE,EVALUATE_CONTENT,EVALUATE_CHECK,STUDENT_NAME,EVALUATE_CREATE_DATE,STUDY_DATE) values (164,29,49,5,'잘가르쳐요','Y','JoshEmmett',to_date('20/06/21','RR/MM/DD'),to_date('20/06/21','RR/MM/DD'));
Insert into KING.EVALUATION (IDX,TUTOR_NO,STUDENT_NO,SCORE,EVALUATE_CONTENT,EVALUATE_CHECK,STUDENT_NAME,EVALUATE_CREATE_DATE,STUDY_DATE) values (165,29,50,4,'모르겠어요','Y','JeremyStephens',to_date('20/06/21','RR/MM/DD'),to_date('20/06/21','RR/MM/DD'));
Insert into KING.EVALUATION (IDX,TUTOR_NO,STUDENT_NO,SCORE,EVALUATE_CONTENT,EVALUATE_CHECK,STUDENT_NAME,EVALUATE_CREATE_DATE,STUDY_DATE) values (166,29,51,null,null,'N','ShaneBurgos',null,to_date('20/06/21','RR/MM/DD'));
Insert into KING.EVALUATION (IDX,TUTOR_NO,STUDENT_NO,SCORE,EVALUATE_CONTENT,EVALUATE_CHECK,STUDENT_NAME,EVALUATE_CREATE_DATE,STUDY_DATE) values (167,30,1,5,'강의가 너무 재미있네요','Y','이찬양',to_date('20/06/20','RR/MM/DD'),to_date('20/06/20','RR/MM/DD'));
Insert into KING.EVALUATION (IDX,TUTOR_NO,STUDENT_NO,SCORE,EVALUATE_CONTENT,EVALUATE_CHECK,STUDENT_NAME,EVALUATE_CREATE_DATE,STUDY_DATE) values (168,30,47,4,'재미없어요','Y','CalvinKattar',to_date('20/06/21','RR/MM/DD'),to_date('20/06/21','RR/MM/DD'));
Insert into KING.EVALUATION (IDX,TUTOR_NO,STUDENT_NO,SCORE,EVALUATE_CONTENT,EVALUATE_CHECK,STUDENT_NAME,EVALUATE_CREATE_DATE,STUDY_DATE) values (169,30,48,4,'못가르쳐요','Y','FrankieEdgar',to_date('20/06/21','RR/MM/DD'),to_date('20/06/21','RR/MM/DD'));
Insert into KING.EVALUATION (IDX,TUTOR_NO,STUDENT_NO,SCORE,EVALUATE_CONTENT,EVALUATE_CHECK,STUDENT_NAME,EVALUATE_CREATE_DATE,STUDY_DATE) values (170,30,49,5,'잘가르쳐요','Y','JoshEmmett',to_date('20/06/21','RR/MM/DD'),to_date('20/06/21','RR/MM/DD'));
Insert into KING.EVALUATION (IDX,TUTOR_NO,STUDENT_NO,SCORE,EVALUATE_CONTENT,EVALUATE_CHECK,STUDENT_NAME,EVALUATE_CREATE_DATE,STUDY_DATE) values (171,30,50,4,'모르겠어요','Y','JeremyStephens',to_date('20/06/21','RR/MM/DD'),to_date('20/06/21','RR/MM/DD'));
Insert into KING.EVALUATION (IDX,TUTOR_NO,STUDENT_NO,SCORE,EVALUATE_CONTENT,EVALUATE_CHECK,STUDENT_NAME,EVALUATE_CREATE_DATE,STUDY_DATE) values (172,30,51,null,null,'N','ShaneBurgos',null,to_date('20/06/21','RR/MM/DD'));
Insert into KING.EVALUATION (IDX,TUTOR_NO,STUDENT_NO,SCORE,EVALUATE_CONTENT,EVALUATE_CHECK,STUDENT_NAME,EVALUATE_CREATE_DATE,STUDY_DATE) values (173,31,1,5,'강의가 너무 재미있네요','Y','이찬양',to_date('20/06/20','RR/MM/DD'),to_date('20/06/20','RR/MM/DD'));
Insert into KING.EVALUATION (IDX,TUTOR_NO,STUDENT_NO,SCORE,EVALUATE_CONTENT,EVALUATE_CHECK,STUDENT_NAME,EVALUATE_CREATE_DATE,STUDY_DATE) values (174,31,47,4,'재미없어요','Y','CalvinKattar',to_date('20/06/21','RR/MM/DD'),to_date('20/06/21','RR/MM/DD'));
Insert into KING.EVALUATION (IDX,TUTOR_NO,STUDENT_NO,SCORE,EVALUATE_CONTENT,EVALUATE_CHECK,STUDENT_NAME,EVALUATE_CREATE_DATE,STUDY_DATE) values (175,31,48,4,'못가르쳐요','Y','FrankieEdgar',to_date('20/06/21','RR/MM/DD'),to_date('20/06/21','RR/MM/DD'));
Insert into KING.EVALUATION (IDX,TUTOR_NO,STUDENT_NO,SCORE,EVALUATE_CONTENT,EVALUATE_CHECK,STUDENT_NAME,EVALUATE_CREATE_DATE,STUDY_DATE) values (176,31,49,5,'잘가르쳐요','Y','JoshEmmett',to_date('20/06/21','RR/MM/DD'),to_date('20/06/21','RR/MM/DD'));
Insert into KING.EVALUATION (IDX,TUTOR_NO,STUDENT_NO,SCORE,EVALUATE_CONTENT,EVALUATE_CHECK,STUDENT_NAME,EVALUATE_CREATE_DATE,STUDY_DATE) values (177,31,50,4,'모르겠어요','Y','JeremyStephens',to_date('20/06/21','RR/MM/DD'),to_date('20/06/21','RR/MM/DD'));
Insert into KING.EVALUATION (IDX,TUTOR_NO,STUDENT_NO,SCORE,EVALUATE_CONTENT,EVALUATE_CHECK,STUDENT_NAME,EVALUATE_CREATE_DATE,STUDY_DATE) values (178,31,51,null,null,'N','ShaneBurgos',null,to_date('20/06/21','RR/MM/DD'));
Insert into KING.EVALUATION (IDX,TUTOR_NO,STUDENT_NO,SCORE,EVALUATE_CONTENT,EVALUATE_CHECK,STUDENT_NAME,EVALUATE_CREATE_DATE,STUDY_DATE) values (179,32,1,5,'강의가 너무 재미있네요','Y','이찬양',to_date('32/06/20','RR/MM/DD'),to_date('32/06/20','RR/MM/DD'));
Insert into KING.EVALUATION (IDX,TUTOR_NO,STUDENT_NO,SCORE,EVALUATE_CONTENT,EVALUATE_CHECK,STUDENT_NAME,EVALUATE_CREATE_DATE,STUDY_DATE) values (180,32,47,4,'재미없어요','Y','CalvinKattar',to_date('32/06/21','RR/MM/DD'),to_date('32/06/21','RR/MM/DD'));
Insert into KING.EVALUATION (IDX,TUTOR_NO,STUDENT_NO,SCORE,EVALUATE_CONTENT,EVALUATE_CHECK,STUDENT_NAME,EVALUATE_CREATE_DATE,STUDY_DATE) values (181,32,48,4,'못가르쳐요','Y','FrankieEdgar',to_date('32/06/21','RR/MM/DD'),to_date('32/06/21','RR/MM/DD'));
Insert into KING.EVALUATION (IDX,TUTOR_NO,STUDENT_NO,SCORE,EVALUATE_CONTENT,EVALUATE_CHECK,STUDENT_NAME,EVALUATE_CREATE_DATE,STUDY_DATE) values (182,32,49,5,'잘가르쳐요','Y','JoshEmmett',to_date('32/06/21','RR/MM/DD'),to_date('32/06/21','RR/MM/DD'));
Insert into KING.EVALUATION (IDX,TUTOR_NO,STUDENT_NO,SCORE,EVALUATE_CONTENT,EVALUATE_CHECK,STUDENT_NAME,EVALUATE_CREATE_DATE,STUDY_DATE) values (183,32,50,4,'모르겠어요','Y','JeremyStephens',to_date('32/06/21','RR/MM/DD'),to_date('32/06/21','RR/MM/DD'));
Insert into KING.EVALUATION (IDX,TUTOR_NO,STUDENT_NO,SCORE,EVALUATE_CONTENT,EVALUATE_CHECK,STUDENT_NAME,EVALUATE_CREATE_DATE,STUDY_DATE) values (184,32,51,null,null,'N','ShaneBurgos',null,to_date('32/06/21','RR/MM/DD'));
Insert into KING.EVALUATION (IDX,TUTOR_NO,STUDENT_NO,SCORE,EVALUATE_CONTENT,EVALUATE_CHECK,STUDENT_NAME,EVALUATE_CREATE_DATE,STUDY_DATE) values (185,33,1,5,'강의가 너무 재미있네요','Y','이찬양',to_date('20/06/20','RR/MM/DD'),to_date('20/06/20','RR/MM/DD'));
Insert into KING.EVALUATION (IDX,TUTOR_NO,STUDENT_NO,SCORE,EVALUATE_CONTENT,EVALUATE_CHECK,STUDENT_NAME,EVALUATE_CREATE_DATE,STUDY_DATE) values (186,33,47,4,'재미없어요','Y','CalvinKattar',to_date('20/06/20','RR/MM/DD'),to_date('20/06/20','RR/MM/DD'));
Insert into KING.EVALUATION (IDX,TUTOR_NO,STUDENT_NO,SCORE,EVALUATE_CONTENT,EVALUATE_CHECK,STUDENT_NAME,EVALUATE_CREATE_DATE,STUDY_DATE) values (187,33,48,4,'못가르쳐요','Y','FrankieEdgar',to_date('20/06/20','RR/MM/DD'),to_date('20/06/20','RR/MM/DD'));
Insert into KING.EVALUATION (IDX,TUTOR_NO,STUDENT_NO,SCORE,EVALUATE_CONTENT,EVALUATE_CHECK,STUDENT_NAME,EVALUATE_CREATE_DATE,STUDY_DATE) values (188,33,49,5,'잘가르쳐요','Y','JoshEmmett',to_date('20/06/20','RR/MM/DD'),to_date('20/06/20','RR/MM/DD'));
Insert into KING.EVALUATION (IDX,TUTOR_NO,STUDENT_NO,SCORE,EVALUATE_CONTENT,EVALUATE_CHECK,STUDENT_NAME,EVALUATE_CREATE_DATE,STUDY_DATE) values (189,33,50,4,'모르겠어요','Y','JeremyStephens',to_date('20/06/20','RR/MM/DD'),to_date('20/06/20','RR/MM/DD'));
Insert into KING.EVALUATION (IDX,TUTOR_NO,STUDENT_NO,SCORE,EVALUATE_CONTENT,EVALUATE_CHECK,STUDENT_NAME,EVALUATE_CREATE_DATE,STUDY_DATE) values (190,33,51,null,null,'N','ShaneBurgos',null,to_date('20/06/20','RR/MM/DD'));
Insert into KING.EVALUATION (IDX,TUTOR_NO,STUDENT_NO,SCORE,EVALUATE_CONTENT,EVALUATE_CHECK,STUDENT_NAME,EVALUATE_CREATE_DATE,STUDY_DATE) values (191,34,1,5,'강의가 너무 재미있네요','Y','이찬양',to_date('20/06/20','RR/MM/DD'),to_date('20/06/20','RR/MM/DD'));
Insert into KING.EVALUATION (IDX,TUTOR_NO,STUDENT_NO,SCORE,EVALUATE_CONTENT,EVALUATE_CHECK,STUDENT_NAME,EVALUATE_CREATE_DATE,STUDY_DATE) values (192,34,47,4,'재미없어요','Y','CalvinKattar',to_date('20/06/21','RR/MM/DD'),to_date('20/06/21','RR/MM/DD'));
Insert into KING.EVALUATION (IDX,TUTOR_NO,STUDENT_NO,SCORE,EVALUATE_CONTENT,EVALUATE_CHECK,STUDENT_NAME,EVALUATE_CREATE_DATE,STUDY_DATE) values (193,34,48,4,'못가르쳐요','Y','FrankieEdgar',to_date('20/06/21','RR/MM/DD'),to_date('20/06/21','RR/MM/DD'));
Insert into KING.EVALUATION (IDX,TUTOR_NO,STUDENT_NO,SCORE,EVALUATE_CONTENT,EVALUATE_CHECK,STUDENT_NAME,EVALUATE_CREATE_DATE,STUDY_DATE) values (194,34,49,5,'잘가르쳐요','Y','JoshEmmett',to_date('20/06/21','RR/MM/DD'),to_date('20/06/21','RR/MM/DD'));
Insert into KING.EVALUATION (IDX,TUTOR_NO,STUDENT_NO,SCORE,EVALUATE_CONTENT,EVALUATE_CHECK,STUDENT_NAME,EVALUATE_CREATE_DATE,STUDY_DATE) values (195,34,50,4,'모르겠어요','Y','JeremyStephens',to_date('20/06/21','RR/MM/DD'),to_date('20/06/21','RR/MM/DD'));
Insert into KING.EVALUATION (IDX,TUTOR_NO,STUDENT_NO,SCORE,EVALUATE_CONTENT,EVALUATE_CHECK,STUDENT_NAME,EVALUATE_CREATE_DATE,STUDY_DATE) values (196,34,51,null,null,'N','ShaneBurgos',null,to_date('20/06/21','RR/MM/DD'));
Insert into KING.EVALUATION (IDX,TUTOR_NO,STUDENT_NO,SCORE,EVALUATE_CONTENT,EVALUATE_CHECK,STUDENT_NAME,EVALUATE_CREATE_DATE,STUDY_DATE) values (197,35,1,5,'강의가 너무 재미있네요','Y','이찬양',to_date('20/06/20','RR/MM/DD'),to_date('20/06/20','RR/MM/DD'));
Insert into KING.EVALUATION (IDX,TUTOR_NO,STUDENT_NO,SCORE,EVALUATE_CONTENT,EVALUATE_CHECK,STUDENT_NAME,EVALUATE_CREATE_DATE,STUDY_DATE) values (198,35,47,4,'재미없어요','Y','CalvinKattar',to_date('20/06/21','RR/MM/DD'),to_date('20/06/21','RR/MM/DD'));
Insert into KING.EVALUATION (IDX,TUTOR_NO,STUDENT_NO,SCORE,EVALUATE_CONTENT,EVALUATE_CHECK,STUDENT_NAME,EVALUATE_CREATE_DATE,STUDY_DATE) values (199,35,48,4,'못가르쳐요','Y','FrankieEdgar',to_date('20/06/21','RR/MM/DD'),to_date('20/06/21','RR/MM/DD'));
Insert into KING.EVALUATION (IDX,TUTOR_NO,STUDENT_NO,SCORE,EVALUATE_CONTENT,EVALUATE_CHECK,STUDENT_NAME,EVALUATE_CREATE_DATE,STUDY_DATE) values (200,35,49,5,'잘가르쳐요','Y','JoshEmmett',to_date('20/06/21','RR/MM/DD'),to_date('20/06/21','RR/MM/DD'));
Insert into KING.EVALUATION (IDX,TUTOR_NO,STUDENT_NO,SCORE,EVALUATE_CONTENT,EVALUATE_CHECK,STUDENT_NAME,EVALUATE_CREATE_DATE,STUDY_DATE) values (201,35,50,4,'모르겠어요','Y','JeremyStephens',to_date('20/06/21','RR/MM/DD'),to_date('20/06/21','RR/MM/DD'));
Insert into KING.EVALUATION (IDX,TUTOR_NO,STUDENT_NO,SCORE,EVALUATE_CONTENT,EVALUATE_CHECK,STUDENT_NAME,EVALUATE_CREATE_DATE,STUDY_DATE) values (202,35,51,null,null,'N','ShaneBurgos',null,to_date('20/06/21','RR/MM/DD'));
Insert into KING.EVALUATION (IDX,TUTOR_NO,STUDENT_NO,SCORE,EVALUATE_CONTENT,EVALUATE_CHECK,STUDENT_NAME,EVALUATE_CREATE_DATE,STUDY_DATE) values (203,36,1,5,'강의가 너무 재미있네요','Y','이찬양',to_date('20/06/20','RR/MM/DD'),to_date('20/06/20','RR/MM/DD'));
Insert into KING.EVALUATION (IDX,TUTOR_NO,STUDENT_NO,SCORE,EVALUATE_CONTENT,EVALUATE_CHECK,STUDENT_NAME,EVALUATE_CREATE_DATE,STUDY_DATE) values (204,36,47,4,'재미없어요','Y','CalvinKattar',to_date('20/06/21','RR/MM/DD'),to_date('20/06/21','RR/MM/DD'));
Insert into KING.EVALUATION (IDX,TUTOR_NO,STUDENT_NO,SCORE,EVALUATE_CONTENT,EVALUATE_CHECK,STUDENT_NAME,EVALUATE_CREATE_DATE,STUDY_DATE) values (205,36,48,4,'못가르쳐요','Y','FrankieEdgar',to_date('20/06/21','RR/MM/DD'),to_date('20/06/21','RR/MM/DD'));
Insert into KING.EVALUATION (IDX,TUTOR_NO,STUDENT_NO,SCORE,EVALUATE_CONTENT,EVALUATE_CHECK,STUDENT_NAME,EVALUATE_CREATE_DATE,STUDY_DATE) values (206,36,49,5,'잘가르쳐요','Y','JoshEmmett',to_date('20/06/21','RR/MM/DD'),to_date('20/06/21','RR/MM/DD'));
Insert into KING.EVALUATION (IDX,TUTOR_NO,STUDENT_NO,SCORE,EVALUATE_CONTENT,EVALUATE_CHECK,STUDENT_NAME,EVALUATE_CREATE_DATE,STUDY_DATE) values (207,36,50,4,'모르겠어요','Y','JeremyStephens',to_date('20/06/21','RR/MM/DD'),to_date('20/06/21','RR/MM/DD'));
Insert into KING.EVALUATION (IDX,TUTOR_NO,STUDENT_NO,SCORE,EVALUATE_CONTENT,EVALUATE_CHECK,STUDENT_NAME,EVALUATE_CREATE_DATE,STUDY_DATE) values (208,36,51,null,null,'N','ShaneBurgos',null,to_date('20/06/21','RR/MM/DD'));
Insert into KING.EVALUATION (IDX,TUTOR_NO,STUDENT_NO,SCORE,EVALUATE_CONTENT,EVALUATE_CHECK,STUDENT_NAME,EVALUATE_CREATE_DATE,STUDY_DATE) values (209,37,1,5,'강의가 너무 재미있네요','Y','이찬양',to_date('20/06/20','RR/MM/DD'),to_date('20/06/20','RR/MM/DD'));
Insert into KING.EVALUATION (IDX,TUTOR_NO,STUDENT_NO,SCORE,EVALUATE_CONTENT,EVALUATE_CHECK,STUDENT_NAME,EVALUATE_CREATE_DATE,STUDY_DATE) values (210,37,47,4,'재미없어요','Y','CalvinKattar',to_date('20/06/21','RR/MM/DD'),to_date('20/06/21','RR/MM/DD'));
Insert into KING.EVALUATION (IDX,TUTOR_NO,STUDENT_NO,SCORE,EVALUATE_CONTENT,EVALUATE_CHECK,STUDENT_NAME,EVALUATE_CREATE_DATE,STUDY_DATE) values (211,37,48,4,'못가르쳐요','Y','FrankieEdgar',to_date('20/06/21','RR/MM/DD'),to_date('20/06/21','RR/MM/DD'));
Insert into KING.EVALUATION (IDX,TUTOR_NO,STUDENT_NO,SCORE,EVALUATE_CONTENT,EVALUATE_CHECK,STUDENT_NAME,EVALUATE_CREATE_DATE,STUDY_DATE) values (212,37,49,5,'잘가르쳐요','Y','JoshEmmett',to_date('20/06/21','RR/MM/DD'),to_date('20/06/21','RR/MM/DD'));
Insert into KING.EVALUATION (IDX,TUTOR_NO,STUDENT_NO,SCORE,EVALUATE_CONTENT,EVALUATE_CHECK,STUDENT_NAME,EVALUATE_CREATE_DATE,STUDY_DATE) values (213,37,50,4,'모르겠어요','Y','JeremyStephens',to_date('20/06/21','RR/MM/DD'),to_date('20/06/21','RR/MM/DD'));
Insert into KING.EVALUATION (IDX,TUTOR_NO,STUDENT_NO,SCORE,EVALUATE_CONTENT,EVALUATE_CHECK,STUDENT_NAME,EVALUATE_CREATE_DATE,STUDY_DATE) values (214,37,51,null,null,'N','ShaneBurgos',null,to_date('20/06/21','RR/MM/DD'));
Insert into KING.EVALUATION (IDX,TUTOR_NO,STUDENT_NO,SCORE,EVALUATE_CONTENT,EVALUATE_CHECK,STUDENT_NAME,EVALUATE_CREATE_DATE,STUDY_DATE) values (215,38,1,5,'강의가 너무 재미있네요','Y','이찬양',to_date('20/06/20','RR/MM/DD'),to_date('20/06/20','RR/MM/DD'));
Insert into KING.EVALUATION (IDX,TUTOR_NO,STUDENT_NO,SCORE,EVALUATE_CONTENT,EVALUATE_CHECK,STUDENT_NAME,EVALUATE_CREATE_DATE,STUDY_DATE) values (216,38,47,4,'재미없어요','Y','CalvinKattar',to_date('20/06/21','RR/MM/DD'),to_date('20/06/21','RR/MM/DD'));
Insert into KING.EVALUATION (IDX,TUTOR_NO,STUDENT_NO,SCORE,EVALUATE_CONTENT,EVALUATE_CHECK,STUDENT_NAME,EVALUATE_CREATE_DATE,STUDY_DATE) values (217,38,48,4,'못가르쳐요','Y','FrankieEdgar',to_date('20/06/21','RR/MM/DD'),to_date('20/06/21','RR/MM/DD'));
Insert into KING.EVALUATION (IDX,TUTOR_NO,STUDENT_NO,SCORE,EVALUATE_CONTENT,EVALUATE_CHECK,STUDENT_NAME,EVALUATE_CREATE_DATE,STUDY_DATE) values (218,38,49,5,'잘가르쳐요','Y','JoshEmmett',to_date('20/06/21','RR/MM/DD'),to_date('20/06/21','RR/MM/DD'));
Insert into KING.EVALUATION (IDX,TUTOR_NO,STUDENT_NO,SCORE,EVALUATE_CONTENT,EVALUATE_CHECK,STUDENT_NAME,EVALUATE_CREATE_DATE,STUDY_DATE) values (219,38,50,4,'모르겠어요','Y','JeremyStephens',to_date('20/06/21','RR/MM/DD'),to_date('20/06/21','RR/MM/DD'));
Insert into KING.EVALUATION (IDX,TUTOR_NO,STUDENT_NO,SCORE,EVALUATE_CONTENT,EVALUATE_CHECK,STUDENT_NAME,EVALUATE_CREATE_DATE,STUDY_DATE) values (220,38,51,null,null,'N','ShaneBurgos',null,to_date('20/06/21','RR/MM/DD'));
Insert into KING.EVALUATION (IDX,TUTOR_NO,STUDENT_NO,SCORE,EVALUATE_CONTENT,EVALUATE_CHECK,STUDENT_NAME,EVALUATE_CREATE_DATE,STUDY_DATE) values (221,39,1,5,'강의가 너무 재미있네요','Y','이찬양',to_date('20/06/20','RR/MM/DD'),to_date('20/06/20','RR/MM/DD'));
Insert into KING.EVALUATION (IDX,TUTOR_NO,STUDENT_NO,SCORE,EVALUATE_CONTENT,EVALUATE_CHECK,STUDENT_NAME,EVALUATE_CREATE_DATE,STUDY_DATE) values (222,39,47,4,'재미없어요','Y','CalvinKattar',to_date('20/06/21','RR/MM/DD'),to_date('20/06/21','RR/MM/DD'));
Insert into KING.EVALUATION (IDX,TUTOR_NO,STUDENT_NO,SCORE,EVALUATE_CONTENT,EVALUATE_CHECK,STUDENT_NAME,EVALUATE_CREATE_DATE,STUDY_DATE) values (223,39,48,4,'못가르쳐요','Y','FrankieEdgar',to_date('20/06/21','RR/MM/DD'),to_date('20/06/21','RR/MM/DD'));
Insert into KING.EVALUATION (IDX,TUTOR_NO,STUDENT_NO,SCORE,EVALUATE_CONTENT,EVALUATE_CHECK,STUDENT_NAME,EVALUATE_CREATE_DATE,STUDY_DATE) values (224,39,49,5,'잘가르쳐요','Y','JoshEmmett',to_date('20/06/21','RR/MM/DD'),to_date('20/06/21','RR/MM/DD'));
Insert into KING.EVALUATION (IDX,TUTOR_NO,STUDENT_NO,SCORE,EVALUATE_CONTENT,EVALUATE_CHECK,STUDENT_NAME,EVALUATE_CREATE_DATE,STUDY_DATE) values (225,39,50,4,'모르겠어요','Y','JeremyStephens',to_date('20/06/21','RR/MM/DD'),to_date('20/06/21','RR/MM/DD'));
Insert into KING.EVALUATION (IDX,TUTOR_NO,STUDENT_NO,SCORE,EVALUATE_CONTENT,EVALUATE_CHECK,STUDENT_NAME,EVALUATE_CREATE_DATE,STUDY_DATE) values (226,39,51,null,null,'N','ShaneBurgos',null,to_date('20/06/21','RR/MM/DD'));
Insert into KING.EVALUATION (IDX,TUTOR_NO,STUDENT_NO,SCORE,EVALUATE_CONTENT,EVALUATE_CHECK,STUDENT_NAME,EVALUATE_CREATE_DATE,STUDY_DATE) values (227,40,1,5,'강의가 너무 재미있네요','Y','이찬양',to_date('20/06/20','RR/MM/DD'),to_date('20/06/20','RR/MM/DD'));
Insert into KING.EVALUATION (IDX,TUTOR_NO,STUDENT_NO,SCORE,EVALUATE_CONTENT,EVALUATE_CHECK,STUDENT_NAME,EVALUATE_CREATE_DATE,STUDY_DATE) values (228,40,47,4,'재미없어요','Y','CalvinKattar',to_date('20/06/21','RR/MM/DD'),to_date('20/06/21','RR/MM/DD'));
Insert into KING.EVALUATION (IDX,TUTOR_NO,STUDENT_NO,SCORE,EVALUATE_CONTENT,EVALUATE_CHECK,STUDENT_NAME,EVALUATE_CREATE_DATE,STUDY_DATE) values (229,40,48,4,'못가르쳐요','Y','FrankieEdgar',to_date('20/06/21','RR/MM/DD'),to_date('20/06/21','RR/MM/DD'));
Insert into KING.EVALUATION (IDX,TUTOR_NO,STUDENT_NO,SCORE,EVALUATE_CONTENT,EVALUATE_CHECK,STUDENT_NAME,EVALUATE_CREATE_DATE,STUDY_DATE) values (230,40,49,5,'잘가르쳐요','Y','JoshEmmett',to_date('20/06/21','RR/MM/DD'),to_date('20/06/21','RR/MM/DD'));
Insert into KING.EVALUATION (IDX,TUTOR_NO,STUDENT_NO,SCORE,EVALUATE_CONTENT,EVALUATE_CHECK,STUDENT_NAME,EVALUATE_CREATE_DATE,STUDY_DATE) values (231,40,50,4,'모르겠어요','Y','JeremyStephens',to_date('20/06/21','RR/MM/DD'),to_date('20/06/21','RR/MM/DD'));
Insert into KING.EVALUATION (IDX,TUTOR_NO,STUDENT_NO,SCORE,EVALUATE_CONTENT,EVALUATE_CHECK,STUDENT_NAME,EVALUATE_CREATE_DATE,STUDY_DATE) values (232,40,51,null,null,'N','ShaneBurgos',null,to_date('20/06/21','RR/MM/DD'));
Insert into KING.EVALUATION (IDX,TUTOR_NO,STUDENT_NO,SCORE,EVALUATE_CONTENT,EVALUATE_CHECK,STUDENT_NAME,EVALUATE_CREATE_DATE,STUDY_DATE) values (233,41,1,5,'강의가 너무 재미있네요','Y','이찬양',to_date('20/06/20','RR/MM/DD'),to_date('20/06/20','RR/MM/DD'));
Insert into KING.EVALUATION (IDX,TUTOR_NO,STUDENT_NO,SCORE,EVALUATE_CONTENT,EVALUATE_CHECK,STUDENT_NAME,EVALUATE_CREATE_DATE,STUDY_DATE) values (234,41,47,4,'재미없어요','Y','CalvinKattar',to_date('20/06/21','RR/MM/DD'),to_date('20/06/21','RR/MM/DD'));
Insert into KING.EVALUATION (IDX,TUTOR_NO,STUDENT_NO,SCORE,EVALUATE_CONTENT,EVALUATE_CHECK,STUDENT_NAME,EVALUATE_CREATE_DATE,STUDY_DATE) values (235,41,48,4,'못가르쳐요','Y','FrankieEdgar',to_date('20/06/21','RR/MM/DD'),to_date('20/06/21','RR/MM/DD'));
Insert into KING.EVALUATION (IDX,TUTOR_NO,STUDENT_NO,SCORE,EVALUATE_CONTENT,EVALUATE_CHECK,STUDENT_NAME,EVALUATE_CREATE_DATE,STUDY_DATE) values (236,41,49,5,'잘가르쳐요','Y','JoshEmmett',to_date('20/06/21','RR/MM/DD'),to_date('20/06/21','RR/MM/DD'));
Insert into KING.EVALUATION (IDX,TUTOR_NO,STUDENT_NO,SCORE,EVALUATE_CONTENT,EVALUATE_CHECK,STUDENT_NAME,EVALUATE_CREATE_DATE,STUDY_DATE) values (237,41,50,4,'모르겠어요','Y','JeremyStephens',to_date('20/06/21','RR/MM/DD'),to_date('20/06/21','RR/MM/DD'));
Insert into KING.EVALUATION (IDX,TUTOR_NO,STUDENT_NO,SCORE,EVALUATE_CONTENT,EVALUATE_CHECK,STUDENT_NAME,EVALUATE_CREATE_DATE,STUDY_DATE) values (238,41,51,null,null,'N','ShaneBurgos',null,to_date('20/06/21','RR/MM/DD'));
Insert into KING.EVALUATION (IDX,TUTOR_NO,STUDENT_NO,SCORE,EVALUATE_CONTENT,EVALUATE_CHECK,STUDENT_NAME,EVALUATE_CREATE_DATE,STUDY_DATE) values (239,42,1,5,'강의가 너무 재미있네요','Y','이찬양',to_date('20/06/20','RR/MM/DD'),to_date('20/06/20','RR/MM/DD'));
Insert into KING.EVALUATION (IDX,TUTOR_NO,STUDENT_NO,SCORE,EVALUATE_CONTENT,EVALUATE_CHECK,STUDENT_NAME,EVALUATE_CREATE_DATE,STUDY_DATE) values (240,42,47,4,'재미없어요','Y','CalvinKattar',to_date('20/06/20','RR/MM/DD'),to_date('20/06/20','RR/MM/DD'));
Insert into KING.EVALUATION (IDX,TUTOR_NO,STUDENT_NO,SCORE,EVALUATE_CONTENT,EVALUATE_CHECK,STUDENT_NAME,EVALUATE_CREATE_DATE,STUDY_DATE) values (241,42,48,4,'못가르쳐요','Y','FrankieEdgar',to_date('20/06/20','RR/MM/DD'),to_date('20/06/20','RR/MM/DD'));
Insert into KING.EVALUATION (IDX,TUTOR_NO,STUDENT_NO,SCORE,EVALUATE_CONTENT,EVALUATE_CHECK,STUDENT_NAME,EVALUATE_CREATE_DATE,STUDY_DATE) values (242,42,49,5,'잘가르쳐요','Y','JoshEmmett',to_date('20/06/20','RR/MM/DD'),to_date('20/06/20','RR/MM/DD'));
Insert into KING.EVALUATION (IDX,TUTOR_NO,STUDENT_NO,SCORE,EVALUATE_CONTENT,EVALUATE_CHECK,STUDENT_NAME,EVALUATE_CREATE_DATE,STUDY_DATE) values (243,42,50,4,'모르겠어요','Y','JeremyStephens',to_date('20/06/20','RR/MM/DD'),to_date('20/06/20','RR/MM/DD'));
Insert into KING.EVALUATION (IDX,TUTOR_NO,STUDENT_NO,SCORE,EVALUATE_CONTENT,EVALUATE_CHECK,STUDENT_NAME,EVALUATE_CREATE_DATE,STUDY_DATE) values (244,42,51,null,null,'N','ShaneBurgos',null,to_date('20/06/20','RR/MM/DD'));
Insert into KING.EVALUATION (IDX,TUTOR_NO,STUDENT_NO,SCORE,EVALUATE_CONTENT,EVALUATE_CHECK,STUDENT_NAME,EVALUATE_CREATE_DATE,STUDY_DATE) values (245,43,1,5,'강의가 너무 재미있네요','Y','이찬양',to_date('20/06/20','RR/MM/DD'),to_date('20/06/20','RR/MM/DD'));
Insert into KING.EVALUATION (IDX,TUTOR_NO,STUDENT_NO,SCORE,EVALUATE_CONTENT,EVALUATE_CHECK,STUDENT_NAME,EVALUATE_CREATE_DATE,STUDY_DATE) values (246,43,47,4,'재미없어요','Y','CalvinKattar',to_date('20/06/21','RR/MM/DD'),to_date('20/06/21','RR/MM/DD'));
Insert into KING.EVALUATION (IDX,TUTOR_NO,STUDENT_NO,SCORE,EVALUATE_CONTENT,EVALUATE_CHECK,STUDENT_NAME,EVALUATE_CREATE_DATE,STUDY_DATE) values (247,43,48,4,'못가르쳐요','Y','FrankieEdgar',to_date('20/06/21','RR/MM/DD'),to_date('20/06/21','RR/MM/DD'));
Insert into KING.EVALUATION (IDX,TUTOR_NO,STUDENT_NO,SCORE,EVALUATE_CONTENT,EVALUATE_CHECK,STUDENT_NAME,EVALUATE_CREATE_DATE,STUDY_DATE) values (248,43,49,5,'잘가르쳐요','Y','JoshEmmett',to_date('20/06/21','RR/MM/DD'),to_date('20/06/21','RR/MM/DD'));
Insert into KING.EVALUATION (IDX,TUTOR_NO,STUDENT_NO,SCORE,EVALUATE_CONTENT,EVALUATE_CHECK,STUDENT_NAME,EVALUATE_CREATE_DATE,STUDY_DATE) values (249,43,50,4,'모르겠어요','Y','JeremyStephens',to_date('20/06/21','RR/MM/DD'),to_date('20/06/21','RR/MM/DD'));
Insert into KING.EVALUATION (IDX,TUTOR_NO,STUDENT_NO,SCORE,EVALUATE_CONTENT,EVALUATE_CHECK,STUDENT_NAME,EVALUATE_CREATE_DATE,STUDY_DATE) values (250,43,51,null,null,'N','ShaneBurgos',null,to_date('20/06/21','RR/MM/DD'));
Insert into KING.EVALUATION (IDX,TUTOR_NO,STUDENT_NO,SCORE,EVALUATE_CONTENT,EVALUATE_CHECK,STUDENT_NAME,EVALUATE_CREATE_DATE,STUDY_DATE) values (251,44,1,5,'강의가 너무 재미있네요','Y','이찬양',to_date('20/06/20','RR/MM/DD'),to_date('20/06/20','RR/MM/DD'));
Insert into KING.EVALUATION (IDX,TUTOR_NO,STUDENT_NO,SCORE,EVALUATE_CONTENT,EVALUATE_CHECK,STUDENT_NAME,EVALUATE_CREATE_DATE,STUDY_DATE) values (252,44,47,4,'재미없어요','Y','CalvinKattar',to_date('20/06/21','RR/MM/DD'),to_date('20/06/21','RR/MM/DD'));
Insert into KING.EVALUATION (IDX,TUTOR_NO,STUDENT_NO,SCORE,EVALUATE_CONTENT,EVALUATE_CHECK,STUDENT_NAME,EVALUATE_CREATE_DATE,STUDY_DATE) values (253,44,48,4,'못가르쳐요','Y','FrankieEdgar',to_date('20/06/21','RR/MM/DD'),to_date('20/06/21','RR/MM/DD'));
Insert into KING.EVALUATION (IDX,TUTOR_NO,STUDENT_NO,SCORE,EVALUATE_CONTENT,EVALUATE_CHECK,STUDENT_NAME,EVALUATE_CREATE_DATE,STUDY_DATE) values (254,44,49,5,'잘가르쳐요','Y','JoshEmmett',to_date('20/06/21','RR/MM/DD'),to_date('20/06/21','RR/MM/DD'));
Insert into KING.EVALUATION (IDX,TUTOR_NO,STUDENT_NO,SCORE,EVALUATE_CONTENT,EVALUATE_CHECK,STUDENT_NAME,EVALUATE_CREATE_DATE,STUDY_DATE) values (255,44,50,4,'모르겠어요','Y','JeremyStephens',to_date('20/06/21','RR/MM/DD'),to_date('20/06/21','RR/MM/DD'));
Insert into KING.EVALUATION (IDX,TUTOR_NO,STUDENT_NO,SCORE,EVALUATE_CONTENT,EVALUATE_CHECK,STUDENT_NAME,EVALUATE_CREATE_DATE,STUDY_DATE) values (256,44,51,null,null,'N','ShaneBurgos',null,to_date('20/06/21','RR/MM/DD'));
Insert into KING.EVALUATION (IDX,TUTOR_NO,STUDENT_NO,SCORE,EVALUATE_CONTENT,EVALUATE_CHECK,STUDENT_NAME,EVALUATE_CREATE_DATE,STUDY_DATE) values (257,45,1,5,'강의가 너무 재미있네요','Y','이찬양',to_date('20/06/20','RR/MM/DD'),to_date('20/06/20','RR/MM/DD'));
Insert into KING.EVALUATION (IDX,TUTOR_NO,STUDENT_NO,SCORE,EVALUATE_CONTENT,EVALUATE_CHECK,STUDENT_NAME,EVALUATE_CREATE_DATE,STUDY_DATE) values (258,45,47,4,'재미없어요','Y','CalvinKattar',to_date('20/06/20','RR/MM/DD'),to_date('20/06/20','RR/MM/DD'));
Insert into KING.EVALUATION (IDX,TUTOR_NO,STUDENT_NO,SCORE,EVALUATE_CONTENT,EVALUATE_CHECK,STUDENT_NAME,EVALUATE_CREATE_DATE,STUDY_DATE) values (259,45,48,4,'못가르쳐요','Y','FrankieEdgar',to_date('20/06/20','RR/MM/DD'),to_date('20/06/20','RR/MM/DD'));
Insert into KING.EVALUATION (IDX,TUTOR_NO,STUDENT_NO,SCORE,EVALUATE_CONTENT,EVALUATE_CHECK,STUDENT_NAME,EVALUATE_CREATE_DATE,STUDY_DATE) values (260,45,49,5,'잘가르쳐요','Y','JoshEmmett',to_date('20/06/20','RR/MM/DD'),to_date('20/06/20','RR/MM/DD'));
Insert into KING.EVALUATION (IDX,TUTOR_NO,STUDENT_NO,SCORE,EVALUATE_CONTENT,EVALUATE_CHECK,STUDENT_NAME,EVALUATE_CREATE_DATE,STUDY_DATE) values (261,45,50,4,'모르겠어요','Y','JeremyStephens',to_date('20/06/20','RR/MM/DD'),to_date('20/06/20','RR/MM/DD'));
Insert into KING.EVALUATION (IDX,TUTOR_NO,STUDENT_NO,SCORE,EVALUATE_CONTENT,EVALUATE_CHECK,STUDENT_NAME,EVALUATE_CREATE_DATE,STUDY_DATE) values (262,45,51,null,null,'N','ShaneBurgos',null,to_date('20/06/20','RR/MM/DD'));
Insert into KING.EVALUATION (IDX,TUTOR_NO,STUDENT_NO,SCORE,EVALUATE_CONTENT,EVALUATE_CHECK,STUDENT_NAME,EVALUATE_CREATE_DATE,STUDY_DATE) values (263,68,1,null,null,'N','이찬양',null,to_date('20/07/17','RR/MM/DD'));
Insert into KING.EVALUATION (IDX,TUTOR_NO,STUDENT_NO,SCORE,EVALUATE_CONTENT,EVALUATE_CHECK,STUDENT_NAME,EVALUATE_CREATE_DATE,STUDY_DATE) values (264,68,50,4,'모르겠어요','Y','Jeremy Step',to_date('20/06/20','RR/MM/DD'),to_date('20/06/20','RR/MM/DD'));
REM INSERTING into KING.FILE_PROFILE_IMAGE
SET DEFINE OFF;
Insert into KING.FILE_PROFILE_IMAGE (IDX,TUTOR_NO,ORIGINAL_FILE_NAME,STORE_FILE_NAME,FILE_SIZE,FILE_CREATE_DATE) values (1,2,'SMITH.jpg','a998cdbe5f8a4907bb06186c4f73b71b.jpg',3235,to_date('20/07/17','RR/MM/DD'));
Insert into KING.FILE_PROFILE_IMAGE (IDX,TUTOR_NO,ORIGINAL_FILE_NAME,STORE_FILE_NAME,FILE_SIZE,FILE_CREATE_DATE) values (2,3,'Khabib Nurmagomedov.jpg','859a18126d1745bfa0e4a4832b65a801.jpg',3235,to_date('20/07/17','RR/MM/DD'));
Insert into KING.FILE_PROFILE_IMAGE (IDX,TUTOR_NO,ORIGINAL_FILE_NAME,STORE_FILE_NAME,FILE_SIZE,FILE_CREATE_DATE) values (3,4,'Stipe Miocic.jpg','8d87df202212460fb9f19b4c3654822c.jpg',3235,to_date('20/07/17','RR/MM/DD'));
Insert into KING.FILE_PROFILE_IMAGE (IDX,TUTOR_NO,ORIGINAL_FILE_NAME,STORE_FILE_NAME,FILE_SIZE,FILE_CREATE_DATE) values (4,5,'Israel Adesanya.jpg','11ba83e0405e4d8494accfdcdabd1b0a.jpg',3235,to_date('20/07/17','RR/MM/DD'));
Insert into KING.FILE_PROFILE_IMAGE (IDX,TUTOR_NO,ORIGINAL_FILE_NAME,STORE_FILE_NAME,FILE_SIZE,FILE_CREATE_DATE) values (5,6,'Daniel Cormier.jpg','50d809ea5a6749a3ab48c6b1f5083d78.jpg',3235,to_date('20/07/17','RR/MM/DD'));
Insert into KING.FILE_PROFILE_IMAGE (IDX,TUTOR_NO,ORIGINAL_FILE_NAME,STORE_FILE_NAME,FILE_SIZE,FILE_CREATE_DATE) values (6,7,'Kamaru Usman.jpg','00a769244be543c2bb34a5e699aa9186.jpg',3235,to_date('20/07/17','RR/MM/DD'));
Insert into KING.FILE_PROFILE_IMAGE (IDX,TUTOR_NO,ORIGINAL_FILE_NAME,STORE_FILE_NAME,FILE_SIZE,FILE_CREATE_DATE) values (7,8,'Alexander Volkanovski.jpg','cc66b7747aa344759790fcd54daed495.jpg',3235,to_date('20/07/17','RR/MM/DD'));
Insert into KING.FILE_PROFILE_IMAGE (IDX,TUTOR_NO,ORIGINAL_FILE_NAME,STORE_FILE_NAME,FILE_SIZE,FILE_CREATE_DATE) values (8,9,'Conor McGregor.jpg','50c02e165e8d4a048d608dbde53b357c.jpg',3235,to_date('20/07/17','RR/MM/DD'));
Insert into KING.FILE_PROFILE_IMAGE (IDX,TUTOR_NO,ORIGINAL_FILE_NAME,STORE_FILE_NAME,FILE_SIZE,FILE_CREATE_DATE) values (9,10,'Max Holloway.jpg','5c6b59f5d55146deb99c975b9bea3d56.jpg',3235,to_date('20/07/17','RR/MM/DD'));
Insert into KING.FILE_PROFILE_IMAGE (IDX,TUTOR_NO,ORIGINAL_FILE_NAME,STORE_FILE_NAME,FILE_SIZE,FILE_CREATE_DATE) values (10,11,'Justin Gaethje.jpg','f84a8399104b4dbca250d9fb828bf036.jpg',3235,to_date('20/07/17','RR/MM/DD'));
Insert into KING.FILE_PROFILE_IMAGE (IDX,TUTOR_NO,ORIGINAL_FILE_NAME,STORE_FILE_NAME,FILE_SIZE,FILE_CREATE_DATE) values (11,12,'Dustin Poirier.jpg','07e07d91f7cf480a8226b5b8b323619a.jpg',3235,to_date('20/07/17','RR/MM/DD'));
Insert into KING.FILE_PROFILE_IMAGE (IDX,TUTOR_NO,ORIGINAL_FILE_NAME,STORE_FILE_NAME,FILE_SIZE,FILE_CREATE_DATE) values (12,13,'Tony Ferguson.jpg','7e1c940031824dc7bfde3c4ace9c0936.jpg',3235,to_date('20/07/17','RR/MM/DD'));
Insert into KING.FILE_PROFILE_IMAGE (IDX,TUTOR_NO,ORIGINAL_FILE_NAME,STORE_FILE_NAME,FILE_SIZE,FILE_CREATE_DATE) values (13,14,'Robert Whittaker.jpg','8af59e58f9dc426ea65aca3e888804f5.jpg',3235,to_date('20/07/17','RR/MM/DD'));
Insert into KING.FILE_PROFILE_IMAGE (IDX,TUTOR_NO,ORIGINAL_FILE_NAME,STORE_FILE_NAME,FILE_SIZE,FILE_CREATE_DATE) values (14,15,'Francis Ngannou.jpg','1765feb8188244639393ff24dbe46704.jpg',3235,to_date('20/07/17','RR/MM/DD'));
Insert into KING.FILE_PROFILE_IMAGE (IDX,TUTOR_NO,ORIGINAL_FILE_NAME,STORE_FILE_NAME,FILE_SIZE,FILE_CREATE_DATE) values (15,16,'Dominick Reyes.jpg','9a155e4a3ec246d1a2a7341317d274cb.jpg',3235,to_date('20/07/17','RR/MM/DD'));
Insert into KING.FILE_PROFILE_IMAGE (IDX,TUTOR_NO,ORIGINAL_FILE_NAME,STORE_FILE_NAME,FILE_SIZE,FILE_CREATE_DATE) values (16,17,'Deiveson Figueiredo.jpg','dfb52651468d45ecb917a7024dca6d0c.jpg',3235,to_date('20/07/17','RR/MM/DD'));
Insert into KING.FILE_PROFILE_IMAGE (IDX,TUTOR_NO,ORIGINAL_FILE_NAME,STORE_FILE_NAME,FILE_SIZE,FILE_CREATE_DATE) values (17,18,'Joseph Benavidez.jpg','5dccd05473d944599dea717a8a1e2461.jpg',3235,to_date('20/07/17','RR/MM/DD'));
Insert into KING.FILE_PROFILE_IMAGE (IDX,TUTOR_NO,ORIGINAL_FILE_NAME,STORE_FILE_NAME,FILE_SIZE,FILE_CREATE_DATE) values (18,19,'Brandon Moreno.jpg','cc7775e501444064b95a141c794ad75a.jpg',3235,to_date('20/07/17','RR/MM/DD'));
Insert into KING.FILE_PROFILE_IMAGE (IDX,TUTOR_NO,ORIGINAL_FILE_NAME,STORE_FILE_NAME,FILE_SIZE,FILE_CREATE_DATE) values (29,20,'Alexandre Pantoja.jpg','21d20198c3254c57821e780cf7c24d21.jpg',3235,to_date('20/07/17','RR/MM/DD'));
Insert into KING.FILE_PROFILE_IMAGE (IDX,TUTOR_NO,ORIGINAL_FILE_NAME,STORE_FILE_NAME,FILE_SIZE,FILE_CREATE_DATE) values (20,21,'Alex Perez.jpg','eabef149ac254968b5aa2ebad0083823.jpg',3235,to_date('20/07/17','RR/MM/DD'));
Insert into KING.FILE_PROFILE_IMAGE (IDX,TUTOR_NO,ORIGINAL_FILE_NAME,STORE_FILE_NAME,FILE_SIZE,FILE_CREATE_DATE) values (21,22,'Jussier Formiga.jpg','d1fc531e5d5c475da79c3a8702fd118f.jpg',3235,to_date('20/07/17','RR/MM/DD'));
Insert into KING.FILE_PROFILE_IMAGE (IDX,TUTOR_NO,ORIGINAL_FILE_NAME,STORE_FILE_NAME,FILE_SIZE,FILE_CREATE_DATE) values (22,23,'Askar Askarov.jpg','135c93361bd444e3a4f982a85a665b85.jpg',3235,to_date('20/07/17','RR/MM/DD'));
Insert into KING.FILE_PROFILE_IMAGE (IDX,TUTOR_NO,ORIGINAL_FILE_NAME,STORE_FILE_NAME,FILE_SIZE,FILE_CREATE_DATE) values (23,24,'KaiKara France.jpg','05456438d9e54719b50aada1f45dcb3d.jpg',3235,to_date('20/07/17','RR/MM/DD'));
Insert into KING.FILE_PROFILE_IMAGE (IDX,TUTOR_NO,ORIGINAL_FILE_NAME,STORE_FILE_NAME,FILE_SIZE,FILE_CREATE_DATE) values (24,25,'Rogerio Bontorin.jpg','3925c02f2d394e7aa67024eac4162b07.jpg',3235,to_date('20/07/17','RR/MM/DD'));
Insert into KING.FILE_PROFILE_IMAGE (IDX,TUTOR_NO,ORIGINAL_FILE_NAME,STORE_FILE_NAME,FILE_SIZE,FILE_CREATE_DATE) values (25,26,'Matt Schnell.jpg','f4d3d5e500b2424c85a440d449db803b.jpg',3235,to_date('20/07/17','RR/MM/DD'));
Insert into KING.FILE_PROFILE_IMAGE (IDX,TUTOR_NO,ORIGINAL_FILE_NAME,STORE_FILE_NAME,FILE_SIZE,FILE_CREATE_DATE) values (26,27,'Jordan Espinosa.jpg','2f5de6fcb2d04ad08f853ecc5492b97f.jpg',3235,to_date('20/07/17','RR/MM/DD'));
Insert into KING.FILE_PROFILE_IMAGE (IDX,TUTOR_NO,ORIGINAL_FILE_NAME,STORE_FILE_NAME,FILE_SIZE,FILE_CREATE_DATE) values (27,28,'Tim Elliott.jpg','5bb581d2f0f24a3f80b0cb224bb15a40.jpg',3235,to_date('20/07/17','RR/MM/DD'));
Insert into KING.FILE_PROFILE_IMAGE (IDX,TUTOR_NO,ORIGINAL_FILE_NAME,STORE_FILE_NAME,FILE_SIZE,FILE_CREATE_DATE) values (28,29,'Raulian Paiva.jpg','5e0b730ffeec4608a01c82e0b7ffd5a3.jpg',3235,to_date('20/07/17','RR/MM/DD'));
Insert into KING.FILE_PROFILE_IMAGE (IDX,TUTOR_NO,ORIGINAL_FILE_NAME,STORE_FILE_NAME,FILE_SIZE,FILE_CREATE_DATE) values (30,31,'Marlon Moraes.jpg','eb8dac4374a0424384e17c29d5cc006b.jpg',3235,to_date('20/07/17','RR/MM/DD'));
Insert into KING.FILE_PROFILE_IMAGE (IDX,TUTOR_NO,ORIGINAL_FILE_NAME,STORE_FILE_NAME,FILE_SIZE,FILE_CREATE_DATE) values (31,32,'Aljamain Sterling.jpg','bf7df8b2af4b42c38e681b9f892764ac.jpg',3235,to_date('20/07/17','RR/MM/DD'));
Insert into KING.FILE_PROFILE_IMAGE (IDX,TUTOR_NO,ORIGINAL_FILE_NAME,STORE_FILE_NAME,FILE_SIZE,FILE_CREATE_DATE) values (32,33,'Peter Yan.jpg','fa2b60d558d24027af696f0132203add.jpg',3235,to_date('20/07/17','RR/MM/DD'));
Insert into KING.FILE_PROFILE_IMAGE (IDX,TUTOR_NO,ORIGINAL_FILE_NAME,STORE_FILE_NAME,FILE_SIZE,FILE_CREATE_DATE) values (33,34,'Cory Sandhagen.jpg','d94a30fc84704ddaa0c37af8b1a768e7.jpg',3235,to_date('20/07/17','RR/MM/DD'));
Insert into KING.FILE_PROFILE_IMAGE (IDX,TUTOR_NO,ORIGINAL_FILE_NAME,STORE_FILE_NAME,FILE_SIZE,FILE_CREATE_DATE) values (34,35,'Cody Garbrandt.jpg','9e6f317f085143629cb04835f6c8c909.jpg',3235,to_date('20/07/17','RR/MM/DD'));
Insert into KING.FILE_PROFILE_IMAGE (IDX,TUTOR_NO,ORIGINAL_FILE_NAME,STORE_FILE_NAME,FILE_SIZE,FILE_CREATE_DATE) values (35,36,'Jose Aldo.jpg','14318f7f5dcd4729a01cd55a95e521f1.jpg',3235,to_date('20/07/17','RR/MM/DD'));
Insert into KING.FILE_PROFILE_IMAGE (IDX,TUTOR_NO,ORIGINAL_FILE_NAME,STORE_FILE_NAME,FILE_SIZE,FILE_CREATE_DATE) values (36,37,'Pedro Munhoz.jpg','b671b80dcdc045fb90c89de940212f0d.jpg',3235,to_date('20/07/17','RR/MM/DD'));
Insert into KING.FILE_PROFILE_IMAGE (IDX,TUTOR_NO,ORIGINAL_FILE_NAME,STORE_FILE_NAME,FILE_SIZE,FILE_CREATE_DATE) values (37,38,'Raphael Assuncao.jpg','071ba2b064b84cd5b9ea509b028081a3.jpg',3235,to_date('20/07/17','RR/MM/DD'));
Insert into KING.FILE_PROFILE_IMAGE (IDX,TUTOR_NO,ORIGINAL_FILE_NAME,STORE_FILE_NAME,FILE_SIZE,FILE_CREATE_DATE) values (38,39,'Jimmie Rivera.jpg','3f7e0cd9f1e04266a1c5f678faa5b046.jpg',3235,to_date('20/07/17','RR/MM/DD'));
Insert into KING.FILE_PROFILE_IMAGE (IDX,TUTOR_NO,ORIGINAL_FILE_NAME,STORE_FILE_NAME,FILE_SIZE,FILE_CREATE_DATE) values (39,40,'Rob Font.jpg','602b7e0aa1cb49ec80da373c2943da2f.jpg',3235,to_date('20/07/17','RR/MM/DD'));
Insert into KING.FILE_PROFILE_IMAGE (IDX,TUTOR_NO,ORIGINAL_FILE_NAME,STORE_FILE_NAME,FILE_SIZE,FILE_CREATE_DATE) values (40,41,'John Dodson.jpg','cb2be9a8125445b8a9ba80c97f34d599.jpg',3235,to_date('20/07/17','RR/MM/DD'));
Insert into KING.FILE_PROFILE_IMAGE (IDX,TUTOR_NO,ORIGINAL_FILE_NAME,STORE_FILE_NAME,FILE_SIZE,FILE_CREATE_DATE) values (41,42,'SeanO Malley.jpg','d3e23abef6b54f98b7f4266d63694fc8.jpg',3235,to_date('20/07/17','RR/MM/DD'));
Insert into KING.FILE_PROFILE_IMAGE (IDX,TUTOR_NO,ORIGINAL_FILE_NAME,STORE_FILE_NAME,FILE_SIZE,FILE_CREATE_DATE) values (42,43,'Song Yadong.jpg','6f57821738eb4325bf6703a700553966.jpg',3235,to_date('20/07/17','RR/MM/DD'));
Insert into KING.FILE_PROFILE_IMAGE (IDX,TUTOR_NO,ORIGINAL_FILE_NAME,STORE_FILE_NAME,FILE_SIZE,FILE_CREATE_DATE) values (43,44,'Brian Ortega.jpg','1692464c369f4056917c6a16b174b0e7.jpg',3235,to_date('20/07/17','RR/MM/DD'));
Insert into KING.FILE_PROFILE_IMAGE (IDX,TUTOR_NO,ORIGINAL_FILE_NAME,STORE_FILE_NAME,FILE_SIZE,FILE_CREATE_DATE) values (44,45,'Zabit Magomedsharipov.jpg','ca113aca43d14682bae6b809fbc5455a.jpg',3235,to_date('20/07/17','RR/MM/DD'));
Insert into KING.FILE_PROFILE_IMAGE (IDX,TUTOR_NO,ORIGINAL_FILE_NAME,STORE_FILE_NAME,FILE_SIZE,FILE_CREATE_DATE) values (45,46,'Yair Rodriguez.jpg','e9cb1596bb6a4341a8a2d38ba98031e4.jpg',3235,to_date('20/07/17','RR/MM/DD'));
Insert into KING.FILE_PROFILE_IMAGE (IDX,TUTOR_NO,ORIGINAL_FILE_NAME,STORE_FILE_NAME,FILE_SIZE,FILE_CREATE_DATE) values (46,68,'RueJaeGeon.jpg','19cb1596bb6a4341a8a2d38ba98031e4.jpg',3235,to_date('20/07/17','RR/MM/DD'));
REM INSERTING into KING.MEMBER
SET DEFINE OFF;
Insert into KING.MEMBER (MEMBER_NO,MEMBER_EMAIL,MEMBER_PASSWORD,MEMBER_NAME,MEMBER_CREATE_DATE,MEMBER_MODIFY_DATE,MEMBER_COUNTRY,MEMBER_GENDER,MEMBER_BIRTH_DATE,MEMBER_POINT,MEMBER_GRADE) values (0,'dd@dd.dd','dd','디디',to_date('20/07/17','RR/MM/DD'),to_date('20/07/17','RR/MM/DD'),'KOREA','M',to_date('96/10/04','RR/MM/DD'),99999999,'A');
Insert into KING.MEMBER (MEMBER_NO,MEMBER_EMAIL,MEMBER_PASSWORD,MEMBER_NAME,MEMBER_CREATE_DATE,MEMBER_MODIFY_DATE,MEMBER_COUNTRY,MEMBER_GENDER,MEMBER_BIRTH_DATE,MEMBER_POINT,MEMBER_GRADE) values (1,'chan@naver.com','test1','이찬양',to_date('20/06/10','RR/MM/DD'),to_date('20/06/20','RR/MM/DD'),'KOREA','M',to_date('98/05/02','RR/MM/DD'),0,'N');
Insert into KING.MEMBER (MEMBER_NO,MEMBER_EMAIL,MEMBER_PASSWORD,MEMBER_NAME,MEMBER_CREATE_DATE,MEMBER_MODIFY_DATE,MEMBER_COUNTRY,MEMBER_GENDER,MEMBER_BIRTH_DATE,MEMBER_POINT,MEMBER_GRADE) values (2,'smith@gmail.com','test1','SMITH',to_date('20/05/18','RR/MM/DD'),to_date('20/06/21','RR/MM/DD'),'USA','M',to_date('96/10/04','RR/MM/DD'),10000,'Y');
Insert into KING.MEMBER (MEMBER_NO,MEMBER_EMAIL,MEMBER_PASSWORD,MEMBER_NAME,MEMBER_CREATE_DATE,MEMBER_MODIFY_DATE,MEMBER_COUNTRY,MEMBER_GENDER,MEMBER_BIRTH_DATE,MEMBER_POINT,MEMBER_GRADE) values (3,'khabib@gmail.com','test3','Khabib Nurmag',to_date('20/05/18','RR/MM/DD'),to_date('20/07/30','RR/MM/DD'),'USA','M',to_date('92/03/18','RR/MM/DD'),10000,'Y');
Insert into KING.MEMBER (MEMBER_NO,MEMBER_EMAIL,MEMBER_PASSWORD,MEMBER_NAME,MEMBER_CREATE_DATE,MEMBER_MODIFY_DATE,MEMBER_COUNTRY,MEMBER_GENDER,MEMBER_BIRTH_DATE,MEMBER_POINT,MEMBER_GRADE) values (4,'stipe@gmail.com','test4','Stipe Miocic',to_date('19/11/14','RR/MM/DD'),to_date('19/11/30','RR/MM/DD'),'USA','F',to_date('98/01/01','RR/MM/DD'),1000,'Y');
Insert into KING.MEMBER (MEMBER_NO,MEMBER_EMAIL,MEMBER_PASSWORD,MEMBER_NAME,MEMBER_CREATE_DATE,MEMBER_MODIFY_DATE,MEMBER_COUNTRY,MEMBER_GENDER,MEMBER_BIRTH_DATE,MEMBER_POINT,MEMBER_GRADE) values (5,'israel@gmail.com','test5','Irael Adnya',to_date('19/11/24','RR/MM/DD'),to_date('20/09/29','RR/MM/DD'),'USA','F',to_date('95/06/28','RR/MM/DD'),20000,'Y');
Insert into KING.MEMBER (MEMBER_NO,MEMBER_EMAIL,MEMBER_PASSWORD,MEMBER_NAME,MEMBER_CREATE_DATE,MEMBER_MODIFY_DATE,MEMBER_COUNTRY,MEMBER_GENDER,MEMBER_BIRTH_DATE,MEMBER_POINT,MEMBER_GRADE) values (6,'daniel@gmail.com','test6','Daiel Coier',to_date('20/06/14','RR/MM/DD'),to_date('19/12/09','RR/MM/DD'),'USA','F',to_date('87/07/20','RR/MM/DD'),0,'Y');
Insert into KING.MEMBER (MEMBER_NO,MEMBER_EMAIL,MEMBER_PASSWORD,MEMBER_NAME,MEMBER_CREATE_DATE,MEMBER_MODIFY_DATE,MEMBER_COUNTRY,MEMBER_GENDER,MEMBER_BIRTH_DATE,MEMBER_POINT,MEMBER_GRADE) values (7,'kamaru@gmail.com','test7','Kamu Usan',to_date('18/03/03','RR/MM/DD'),to_date('19/12/10','RR/MM/DD'),'USA','F',to_date('97/08/21','RR/MM/DD'),1000,'Y');
Insert into KING.MEMBER (MEMBER_NO,MEMBER_EMAIL,MEMBER_PASSWORD,MEMBER_NAME,MEMBER_CREATE_DATE,MEMBER_MODIFY_DATE,MEMBER_COUNTRY,MEMBER_GENDER,MEMBER_BIRTH_DATE,MEMBER_POINT,MEMBER_GRADE) values (8,'alexander@gmail.com','test8','Aladr Vlnosi',to_date('20/12/12','RR/MM/DD'),to_date('20/05/18','RR/MM/DD'),'USA','F',to_date('93/02/10','RR/MM/DD'),20000,'Y');
Insert into KING.MEMBER (MEMBER_NO,MEMBER_EMAIL,MEMBER_PASSWORD,MEMBER_NAME,MEMBER_CREATE_DATE,MEMBER_MODIFY_DATE,MEMBER_COUNTRY,MEMBER_GENDER,MEMBER_BIRTH_DATE,MEMBER_POINT,MEMBER_GRADE) values (9,'conor@gmail.com','test9','Conor MGrgr',to_date('20/01/02','RR/MM/DD'),to_date('20/12/25','RR/MM/DD'),'USA','F',to_date('92/03/18','RR/MM/DD'),39000,'Y');
Insert into KING.MEMBER (MEMBER_NO,MEMBER_EMAIL,MEMBER_PASSWORD,MEMBER_NAME,MEMBER_CREATE_DATE,MEMBER_MODIFY_DATE,MEMBER_COUNTRY,MEMBER_GENDER,MEMBER_BIRTH_DATE,MEMBER_POINT,MEMBER_GRADE) values (10,'max@gmail.com','test10','Max Holw',to_date('19/11/16','RR/MM/DD'),to_date('19/12/11','RR/MM/DD'),'USA','F',to_date('92/03/17','RR/MM/DD'),58000,'Y');
Insert into KING.MEMBER (MEMBER_NO,MEMBER_EMAIL,MEMBER_PASSWORD,MEMBER_NAME,MEMBER_CREATE_DATE,MEMBER_MODIFY_DATE,MEMBER_COUNTRY,MEMBER_GENDER,MEMBER_BIRTH_DATE,MEMBER_POINT,MEMBER_GRADE) values (11,'justin@gmail.com','test11','Jusi Ghje',to_date('20/01/04','RR/MM/DD'),to_date('20/06/13','RR/MM/DD'),'USA','M',to_date('97/08/21','RR/MM/DD'),77000,'Y');
Insert into KING.MEMBER (MEMBER_NO,MEMBER_EMAIL,MEMBER_PASSWORD,MEMBER_NAME,MEMBER_CREATE_DATE,MEMBER_MODIFY_DATE,MEMBER_COUNTRY,MEMBER_GENDER,MEMBER_BIRTH_DATE,MEMBER_POINT,MEMBER_GRADE) values (12,'dustin@gmail.com','test12','Duin Prier',to_date('18/01/06','RR/MM/DD'),to_date('19/11/12','RR/MM/DD'),'USA','M',to_date('87/07/20','RR/MM/DD'),96000,'Y');
Insert into KING.MEMBER (MEMBER_NO,MEMBER_EMAIL,MEMBER_PASSWORD,MEMBER_NAME,MEMBER_CREATE_DATE,MEMBER_MODIFY_DATE,MEMBER_COUNTRY,MEMBER_GENDER,MEMBER_BIRTH_DATE,MEMBER_POINT,MEMBER_GRADE) values (13,'tony@gmail.com','test13','Tony Feron',to_date('19/05/05','RR/MM/DD'),to_date('19/11/25','RR/MM/DD'),'USA','M',to_date('97/08/23','RR/MM/DD'),0,'Y');
Insert into KING.MEMBER (MEMBER_NO,MEMBER_EMAIL,MEMBER_PASSWORD,MEMBER_NAME,MEMBER_CREATE_DATE,MEMBER_MODIFY_DATE,MEMBER_COUNTRY,MEMBER_GENDER,MEMBER_BIRTH_DATE,MEMBER_POINT,MEMBER_GRADE) values (14,'robert@gmail.com','test14','Robrt Wker',to_date('19/11/20','RR/MM/DD'),to_date('20/06/07','RR/MM/DD'),'USA','M',to_date('92/03/16','RR/MM/DD'),0,'Y');
Insert into KING.MEMBER (MEMBER_NO,MEMBER_EMAIL,MEMBER_PASSWORD,MEMBER_NAME,MEMBER_CREATE_DATE,MEMBER_MODIFY_DATE,MEMBER_COUNTRY,MEMBER_GENDER,MEMBER_BIRTH_DATE,MEMBER_POINT,MEMBER_GRADE) values (15,'francis@gmail.com','test15','Frai gou',to_date('20/01/08','RR/MM/DD'),to_date('19/11/27','RR/MM/DD'),'USA','M',to_date('98/05/04','RR/MM/DD'),0,'Y');
Insert into KING.MEMBER (MEMBER_NO,MEMBER_EMAIL,MEMBER_PASSWORD,MEMBER_NAME,MEMBER_CREATE_DATE,MEMBER_MODIFY_DATE,MEMBER_COUNTRY,MEMBER_GENDER,MEMBER_BIRTH_DATE,MEMBER_POINT,MEMBER_GRADE) values (16,'dominick@gmail.com','test16','Domick Ryes',to_date('20/05/18','RR/MM/DD'),to_date('20/06/02','RR/MM/DD'),'USA','M',to_date('98/10/10','RR/MM/DD'),0,'Y');
Insert into KING.MEMBER (MEMBER_NO,MEMBER_EMAIL,MEMBER_PASSWORD,MEMBER_NAME,MEMBER_CREATE_DATE,MEMBER_MODIFY_DATE,MEMBER_COUNTRY,MEMBER_GENDER,MEMBER_BIRTH_DATE,MEMBER_POINT,MEMBER_GRADE) values (17,'deiveson@gmail.com','test17','Deson Figdo',to_date('19/11/22','RR/MM/DD'),to_date('19/11/29','RR/MM/DD'),'USA','M',to_date('98/05/03','RR/MM/DD'),0,'Y');
Insert into KING.MEMBER (MEMBER_NO,MEMBER_EMAIL,MEMBER_PASSWORD,MEMBER_NAME,MEMBER_CREATE_DATE,MEMBER_MODIFY_DATE,MEMBER_COUNTRY,MEMBER_GENDER,MEMBER_BIRTH_DATE,MEMBER_POINT,MEMBER_GRADE) values (18,'joseph@gmail.com','test18','Josh Beidez',to_date('19/12/15','RR/MM/DD'),to_date('20/06/08','RR/MM/DD'),'USA','F',to_date('92/03/15','RR/MM/DD'),210000,'Y');
Insert into KING.MEMBER (MEMBER_NO,MEMBER_EMAIL,MEMBER_PASSWORD,MEMBER_NAME,MEMBER_CREATE_DATE,MEMBER_MODIFY_DATE,MEMBER_COUNTRY,MEMBER_GENDER,MEMBER_BIRTH_DATE,MEMBER_POINT,MEMBER_GRADE) values (19,'brandon@gmail.com','test19','Brandn Moreno',to_date('20/01/05','RR/MM/DD'),to_date('19/12/06','RR/MM/DD'),'USA','F',to_date('97/08/22','RR/MM/DD'),10000,'Y');
Insert into KING.MEMBER (MEMBER_NO,MEMBER_EMAIL,MEMBER_PASSWORD,MEMBER_NAME,MEMBER_CREATE_DATE,MEMBER_MODIFY_DATE,MEMBER_COUNTRY,MEMBER_GENDER,MEMBER_BIRTH_DATE,MEMBER_POINT,MEMBER_GRADE) values (20,'alexandre@gmail.com','test20','Aldre Pantoja',to_date('20/05/18','RR/MM/DD'),to_date('19/12/03','RR/MM/DD'),'Ireland','F',to_date('93/02/22','RR/MM/DD'),20000,'Y');
Insert into KING.MEMBER (MEMBER_NO,MEMBER_EMAIL,MEMBER_PASSWORD,MEMBER_NAME,MEMBER_CREATE_DATE,MEMBER_MODIFY_DATE,MEMBER_COUNTRY,MEMBER_GENDER,MEMBER_BIRTH_DATE,MEMBER_POINT,MEMBER_GRADE) values (21,'alex@gmail.com','test21','Alex Perez',to_date('19/12/04','RR/MM/DD'),to_date('19/12/16','RR/MM/DD'),'Ireland','F',to_date('92/11/11','RR/MM/DD'),20000,'Y');
Insert into KING.MEMBER (MEMBER_NO,MEMBER_EMAIL,MEMBER_PASSWORD,MEMBER_NAME,MEMBER_CREATE_DATE,MEMBER_MODIFY_DATE,MEMBER_COUNTRY,MEMBER_GENDER,MEMBER_BIRTH_DATE,MEMBER_POINT,MEMBER_GRADE) values (22,'jussier@gmail.com','test22','Jsier Foiga',to_date('20/06/11','RR/MM/DD'),to_date('20/01/08','RR/MM/DD'),'Ireland','F',to_date('92/03/19','RR/MM/DD'),0,'Y');
Insert into KING.MEMBER (MEMBER_NO,MEMBER_EMAIL,MEMBER_PASSWORD,MEMBER_NAME,MEMBER_CREATE_DATE,MEMBER_MODIFY_DATE,MEMBER_COUNTRY,MEMBER_GENDER,MEMBER_BIRTH_DATE,MEMBER_POINT,MEMBER_GRADE) values (23,'askar@gmail.com','test23','Askar Aarov',to_date('19/11/26','RR/MM/DD'),to_date('20/05/18','RR/MM/DD'),'Ireland','F',to_date('92/03/20','RR/MM/DD'),20000,'Y');
Insert into KING.MEMBER (MEMBER_NO,MEMBER_EMAIL,MEMBER_PASSWORD,MEMBER_NAME,MEMBER_CREATE_DATE,MEMBER_MODIFY_DATE,MEMBER_COUNTRY,MEMBER_GENDER,MEMBER_BIRTH_DATE,MEMBER_POINT,MEMBER_GRADE) values (24,'kai@gmail.com','test24','Kaara Fance',to_date('20/01/07','RR/MM/DD'),to_date('19/11/22','RR/MM/DD'),'Ireland','F',to_date('92/12/12','RR/MM/DD'),0,'Y');
Insert into KING.MEMBER (MEMBER_NO,MEMBER_EMAIL,MEMBER_PASSWORD,MEMBER_NAME,MEMBER_CREATE_DATE,MEMBER_MODIFY_DATE,MEMBER_COUNTRY,MEMBER_GENDER,MEMBER_BIRTH_DATE,MEMBER_POINT,MEMBER_GRADE) values (25,'rogerio@gmail.com','test25','Roio Borin',to_date('19/12/07','RR/MM/DD'),to_date('19/12/15','RR/MM/DD'),'Ireland','M',to_date('92/03/22','RR/MM/DD'),10000,'Y');
Insert into KING.MEMBER (MEMBER_NO,MEMBER_EMAIL,MEMBER_PASSWORD,MEMBER_NAME,MEMBER_CREATE_DATE,MEMBER_MODIFY_DATE,MEMBER_COUNTRY,MEMBER_GENDER,MEMBER_BIRTH_DATE,MEMBER_POINT,MEMBER_GRADE) values (26,'matt@gmail.com','test26','Matt Scell',to_date('20/06/12','RR/MM/DD'),to_date('20/01/05','RR/MM/DD'),'Ireland','M',to_date('90/12/28','RR/MM/DD'),50000,'Y');
Insert into KING.MEMBER (MEMBER_NO,MEMBER_EMAIL,MEMBER_PASSWORD,MEMBER_NAME,MEMBER_CREATE_DATE,MEMBER_MODIFY_DATE,MEMBER_COUNTRY,MEMBER_GENDER,MEMBER_BIRTH_DATE,MEMBER_POINT,MEMBER_GRADE) values (27,'jordan@gmail.com','test27','Joran Enosa',to_date('19/12/08','RR/MM/DD'),to_date('20/05/18','RR/MM/DD'),'Ireland','M',to_date('92/03/24','RR/MM/DD'),50000,'Y');
Insert into KING.MEMBER (MEMBER_NO,MEMBER_EMAIL,MEMBER_PASSWORD,MEMBER_NAME,MEMBER_CREATE_DATE,MEMBER_MODIFY_DATE,MEMBER_COUNTRY,MEMBER_GENDER,MEMBER_BIRTH_DATE,MEMBER_POINT,MEMBER_GRADE) values (28,'tim@gmail.com','test28','Tim Eott',to_date('17/08/07','RR/MM/DD'),to_date('19/12/04','RR/MM/DD'),'Ireland','M',to_date('93/02/20','RR/MM/DD'),10000,'Y');
Insert into KING.MEMBER (MEMBER_NO,MEMBER_EMAIL,MEMBER_PASSWORD,MEMBER_NAME,MEMBER_CREATE_DATE,MEMBER_MODIFY_DATE,MEMBER_COUNTRY,MEMBER_GENDER,MEMBER_BIRTH_DATE,MEMBER_POINT,MEMBER_GRADE) values (29,'raulian@gmail.com','test29','Rian Pava',to_date('19/12/14','RR/MM/DD'),to_date('20/06/11','RR/MM/DD'),'Ireland','M',to_date('93/02/21','RR/MM/DD'),50000,'Y');
Insert into KING.MEMBER (MEMBER_NO,MEMBER_EMAIL,MEMBER_PASSWORD,MEMBER_NAME,MEMBER_CREATE_DATE,MEMBER_MODIFY_DATE,MEMBER_COUNTRY,MEMBER_GENDER,MEMBER_BIRTH_DATE,MEMBER_POINT,MEMBER_GRADE) values (30,'daivd@gmail.com','test30','Did Dvok',to_date('17/08/22','RR/MM/DD'),to_date('19/11/26','RR/MM/DD'),'Canada','M',to_date('92/03/27','RR/MM/DD'),10000,'Y');
Insert into KING.MEMBER (MEMBER_NO,MEMBER_EMAIL,MEMBER_PASSWORD,MEMBER_NAME,MEMBER_CREATE_DATE,MEMBER_MODIFY_DATE,MEMBER_COUNTRY,MEMBER_GENDER,MEMBER_BIRTH_DATE,MEMBER_POINT,MEMBER_GRADE) values (31,'marlon@gmail.com','test31','Malon Moaes',to_date('20/01/06','RR/MM/DD'),to_date('20/01/07','RR/MM/DD'),'Canada','F',to_date('95/12/28','RR/MM/DD'),50000,'Y');
Insert into KING.MEMBER (MEMBER_NO,MEMBER_EMAIL,MEMBER_PASSWORD,MEMBER_NAME,MEMBER_CREATE_DATE,MEMBER_MODIFY_DATE,MEMBER_COUNTRY,MEMBER_GENDER,MEMBER_BIRTH_DATE,MEMBER_POINT,MEMBER_GRADE) values (32,'aljamain@gmail.com','test32','Aljin Steng',to_date('20/07/30','RR/MM/DD'),to_date('19/12/07','RR/MM/DD'),'Canada','F',to_date('92/03/29','RR/MM/DD'),50000,'Y');
Insert into KING.MEMBER (MEMBER_NO,MEMBER_EMAIL,MEMBER_PASSWORD,MEMBER_NAME,MEMBER_CREATE_DATE,MEMBER_MODIFY_DATE,MEMBER_COUNTRY,MEMBER_GENDER,MEMBER_BIRTH_DATE,MEMBER_POINT,MEMBER_GRADE) values (33,'peter@gmail.com','test33','Peter Yan',to_date('19/11/30','RR/MM/DD'),to_date('20/06/12','RR/MM/DD'),'Canada','F',to_date('93/02/19','RR/MM/DD'),50000,'Y');
Insert into KING.MEMBER (MEMBER_NO,MEMBER_EMAIL,MEMBER_PASSWORD,MEMBER_NAME,MEMBER_CREATE_DATE,MEMBER_MODIFY_DATE,MEMBER_COUNTRY,MEMBER_GENDER,MEMBER_BIRTH_DATE,MEMBER_POINT,MEMBER_GRADE) values (34,'cory@gmail.com','test34','Cory Sagen',to_date('20/09/29','RR/MM/DD'),to_date('19/12/08','RR/MM/DD'),'Canada','F',to_date('99/06/19','RR/MM/DD'),115000,'Y');
Insert into KING.MEMBER (MEMBER_NO,MEMBER_EMAIL,MEMBER_PASSWORD,MEMBER_NAME,MEMBER_CREATE_DATE,MEMBER_MODIFY_DATE,MEMBER_COUNTRY,MEMBER_GENDER,MEMBER_BIRTH_DATE,MEMBER_POINT,MEMBER_GRADE) values (35,'cody@gmail.com','test35','Cody Gadt',to_date('19/12/09','RR/MM/DD'),to_date('17/08/07','RR/MM/DD'),'Canada','F',to_date('92/12/04','RR/MM/DD'),134000,'Y');
Insert into KING.MEMBER (MEMBER_NO,MEMBER_EMAIL,MEMBER_PASSWORD,MEMBER_NAME,MEMBER_CREATE_DATE,MEMBER_MODIFY_DATE,MEMBER_COUNTRY,MEMBER_GENDER,MEMBER_BIRTH_DATE,MEMBER_POINT,MEMBER_GRADE) values (36,'jose@gmail.com','test36','Jose Aldo',to_date('19/12/10','RR/MM/DD'),to_date('19/12/14','RR/MM/DD'),'Canada','F',to_date('92/04/02','RR/MM/DD'),153000,'Y');
Insert into KING.MEMBER (MEMBER_NO,MEMBER_EMAIL,MEMBER_PASSWORD,MEMBER_NAME,MEMBER_CREATE_DATE,MEMBER_MODIFY_DATE,MEMBER_COUNTRY,MEMBER_GENDER,MEMBER_BIRTH_DATE,MEMBER_POINT,MEMBER_GRADE) values (37,'pedro@gmail.com','test37','Pedro Munoz',to_date('20/05/18','RR/MM/DD'),to_date('17/08/22','RR/MM/DD'),'Canada','F',to_date('93/02/18','RR/MM/DD'),172000,'Y');
Insert into KING.MEMBER (MEMBER_NO,MEMBER_EMAIL,MEMBER_PASSWORD,MEMBER_NAME,MEMBER_CREATE_DATE,MEMBER_MODIFY_DATE,MEMBER_COUNTRY,MEMBER_GENDER,MEMBER_BIRTH_DATE,MEMBER_POINT,MEMBER_GRADE) values (38,'raphael@gmail.com','test38','Raael Ascao',to_date('20/12/25','RR/MM/DD'),to_date('20/01/06','RR/MM/DD'),'Canada','F',to_date('95/05/05','RR/MM/DD'),191000,'Y');
Insert into KING.MEMBER (MEMBER_NO,MEMBER_EMAIL,MEMBER_PASSWORD,MEMBER_NAME,MEMBER_CREATE_DATE,MEMBER_MODIFY_DATE,MEMBER_COUNTRY,MEMBER_GENDER,MEMBER_BIRTH_DATE,MEMBER_POINT,MEMBER_GRADE) values (39,'jimmie@gmail.com','test39','Jimie Rivera',to_date('19/12/11','RR/MM/DD'),to_date('20/07/30','RR/MM/DD'),'Canada','F',to_date('88/05/05','RR/MM/DD'),0,'Y');
Insert into KING.MEMBER (MEMBER_NO,MEMBER_EMAIL,MEMBER_PASSWORD,MEMBER_NAME,MEMBER_CREATE_DATE,MEMBER_MODIFY_DATE,MEMBER_COUNTRY,MEMBER_GENDER,MEMBER_BIRTH_DATE,MEMBER_POINT,MEMBER_GRADE) values (40,'rob@gmail.com','test40','Rob Font',to_date('20/06/13','RR/MM/DD'),to_date('19/11/30','RR/MM/DD'),'Canada','F',to_date('92/03/23','RR/MM/DD'),10000,'Y');
Insert into KING.MEMBER (MEMBER_NO,MEMBER_EMAIL,MEMBER_PASSWORD,MEMBER_NAME,MEMBER_CREATE_DATE,MEMBER_MODIFY_DATE,MEMBER_COUNTRY,MEMBER_GENDER,MEMBER_BIRTH_DATE,MEMBER_POINT,MEMBER_GRADE) values (41,'john@gmail.com','test41','John Dodson',to_date('19/11/12','RR/MM/DD'),to_date('20/09/29','RR/MM/DD'),'England','F',to_date('99/06/18','RR/MM/DD'),50000,'Y');
Insert into KING.MEMBER (MEMBER_NO,MEMBER_EMAIL,MEMBER_PASSWORD,MEMBER_NAME,MEMBER_CREATE_DATE,MEMBER_MODIFY_DATE,MEMBER_COUNTRY,MEMBER_GENDER,MEMBER_BIRTH_DATE,MEMBER_POINT,MEMBER_GRADE) values (42,'sean@gmail.com','test42','SeanO Maey',to_date('19/11/28','RR/MM/DD'),to_date('19/12/09','RR/MM/DD'),'England','F',to_date('80/07/07','RR/MM/DD'),20000,'Y');
Insert into KING.MEMBER (MEMBER_NO,MEMBER_EMAIL,MEMBER_PASSWORD,MEMBER_NAME,MEMBER_CREATE_DATE,MEMBER_MODIFY_DATE,MEMBER_COUNTRY,MEMBER_GENDER,MEMBER_BIRTH_DATE,MEMBER_POINT,MEMBER_GRADE) values (43,'song@gmail.com','test43','Song Yang',to_date('20/04/14','RR/MM/DD'),to_date('20/06/07','RR/MM/DD'),'England','M',to_date('87/07/20','RR/MM/DD'),0,'Y');
Insert into KING.MEMBER (MEMBER_NO,MEMBER_EMAIL,MEMBER_PASSWORD,MEMBER_NAME,MEMBER_CREATE_DATE,MEMBER_MODIFY_DATE,MEMBER_COUNTRY,MEMBER_GENDER,MEMBER_BIRTH_DATE,MEMBER_POINT,MEMBER_GRADE) values (44,'brian@gmail.com','test44','Brian Orga',to_date('20/05/18','RR/MM/DD'),to_date('19/11/27','RR/MM/DD'),'England','M',to_date('97/08/23','RR/MM/DD'),50000,'Y');
Insert into KING.MEMBER (MEMBER_NO,MEMBER_EMAIL,MEMBER_PASSWORD,MEMBER_NAME,MEMBER_CREATE_DATE,MEMBER_MODIFY_DATE,MEMBER_COUNTRY,MEMBER_GENDER,MEMBER_BIRTH_DATE,MEMBER_POINT,MEMBER_GRADE) values (45,'zabit@gmail.com','test45','Zabit Maov',to_date('19/12/13','RR/MM/DD'),to_date('20/06/02','RR/MM/DD'),'England','M',to_date('99/06/17','RR/MM/DD'),0,'Y');
Insert into KING.MEMBER (MEMBER_NO,MEMBER_EMAIL,MEMBER_PASSWORD,MEMBER_NAME,MEMBER_CREATE_DATE,MEMBER_MODIFY_DATE,MEMBER_COUNTRY,MEMBER_GENDER,MEMBER_BIRTH_DATE,MEMBER_POINT,MEMBER_GRADE) values (46,'yair@gmail.com','test46','Yair Roez',to_date('20/06/01','RR/MM/DD'),to_date('19/11/29','RR/MM/DD'),'England','M',to_date('92/03/26','RR/MM/DD'),20000,'Y');
Insert into KING.MEMBER (MEMBER_NO,MEMBER_EMAIL,MEMBER_PASSWORD,MEMBER_NAME,MEMBER_CREATE_DATE,MEMBER_MODIFY_DATE,MEMBER_COUNTRY,MEMBER_GENDER,MEMBER_BIRTH_DATE,MEMBER_POINT,MEMBER_GRADE) values (47,'calvin@gmail.com','test47','Cvin Katar',to_date('20/01/03','RR/MM/DD'),to_date('20/06/08','RR/MM/DD'),'England','M',to_date('98/05/04','RR/MM/DD'),50000,'N');
Insert into KING.MEMBER (MEMBER_NO,MEMBER_EMAIL,MEMBER_PASSWORD,MEMBER_NAME,MEMBER_CREATE_DATE,MEMBER_MODIFY_DATE,MEMBER_COUNTRY,MEMBER_GENDER,MEMBER_BIRTH_DATE,MEMBER_POINT,MEMBER_GRADE) values (48,'frankie@gmail.com','test48','Fraie Edgar',to_date('19/11/11','RR/MM/DD'),to_date('19/12/06','RR/MM/DD'),'England','M',to_date('98/05/05','RR/MM/DD'),50000,'N');
Insert into KING.MEMBER (MEMBER_NO,MEMBER_EMAIL,MEMBER_PASSWORD,MEMBER_NAME,MEMBER_CREATE_DATE,MEMBER_MODIFY_DATE,MEMBER_COUNTRY,MEMBER_GENDER,MEMBER_BIRTH_DATE,MEMBER_POINT,MEMBER_GRADE) values (49,'josh@gmail.com','test49','Josh Emett',to_date('20/06/01','RR/MM/DD'),to_date('19/12/03','RR/MM/DD'),'England','F',to_date('93/02/17','RR/MM/DD'),60000,'N');
Insert into KING.MEMBER (MEMBER_NO,MEMBER_EMAIL,MEMBER_PASSWORD,MEMBER_NAME,MEMBER_CREATE_DATE,MEMBER_MODIFY_DATE,MEMBER_COUNTRY,MEMBER_GENDER,MEMBER_BIRTH_DATE,MEMBER_POINT,MEMBER_GRADE) values (50,'jeremy@gmail.com','test50','Jemy Sens',to_date('19/11/13','RR/MM/DD'),to_date('19/12/16','RR/MM/DD'),'England','F',to_date('88/11/11','RR/MM/DD'),70000,'N');
Insert into KING.MEMBER (MEMBER_NO,MEMBER_EMAIL,MEMBER_PASSWORD,MEMBER_NAME,MEMBER_CREATE_DATE,MEMBER_MODIFY_DATE,MEMBER_COUNTRY,MEMBER_GENDER,MEMBER_BIRTH_DATE,MEMBER_POINT,MEMBER_GRADE) values (51,'shane@gmail.com','test51','Shane Burgs',to_date('19/12/12','RR/MM/DD'),to_date('20/05/18','RR/MM/DD'),'England','F',to_date('99/06/16','RR/MM/DD'),80000,'N');
Insert into KING.MEMBER (MEMBER_NO,MEMBER_EMAIL,MEMBER_PASSWORD,MEMBER_NAME,MEMBER_CREATE_DATE,MEMBER_MODIFY_DATE,MEMBER_COUNTRY,MEMBER_GENDER,MEMBER_BIRTH_DATE,MEMBER_POINT,MEMBER_GRADE) values (52,'arnold@gmail.com','test52','Arnld Allen',to_date('19/11/15','RR/MM/DD'),to_date('19/11/22','RR/MM/DD'),'England','F',to_date('92/03/28','RR/MM/DD'),90000,'N');
Insert into KING.MEMBER (MEMBER_NO,MEMBER_EMAIL,MEMBER_PASSWORD,MEMBER_NAME,MEMBER_CREATE_DATE,MEMBER_MODIFY_DATE,MEMBER_COUNTRY,MEMBER_GENDER,MEMBER_BIRTH_DATE,MEMBER_POINT,MEMBER_GRADE) values (53,'jessica@gmail.com','test53','Jessa Anade',to_date('20/06/01','RR/MM/DD'),to_date('19/12/15','RR/MM/DD'),'USA','F',to_date('93/02/26','RR/MM/DD'),100000,'N');
Insert into KING.MEMBER (MEMBER_NO,MEMBER_EMAIL,MEMBER_PASSWORD,MEMBER_NAME,MEMBER_CREATE_DATE,MEMBER_MODIFY_DATE,MEMBER_COUNTRY,MEMBER_GENDER,MEMBER_BIRTH_DATE,MEMBER_POINT,MEMBER_GRADE) values (54,'rose@gmail.com','test54','Rose Najas',to_date('19/11/17','RR/MM/DD'),to_date('20/01/05','RR/MM/DD'),'USA','F',to_date('81/06/07','RR/MM/DD'),0,'N');
Insert into KING.MEMBER (MEMBER_NO,MEMBER_EMAIL,MEMBER_PASSWORD,MEMBER_NAME,MEMBER_CREATE_DATE,MEMBER_MODIFY_DATE,MEMBER_COUNTRY,MEMBER_GENDER,MEMBER_BIRTH_DATE,MEMBER_POINT,MEMBER_GRADE) values (55,'tatiana@gmail.com','test55','Tana Suarez',to_date('19/11/18','RR/MM/DD'),to_date('20/05/18','RR/MM/DD'),'USA','F',to_date('92/03/25','RR/MM/DD'),0,'N');
Insert into KING.MEMBER (MEMBER_NO,MEMBER_EMAIL,MEMBER_PASSWORD,MEMBER_NAME,MEMBER_CREATE_DATE,MEMBER_MODIFY_DATE,MEMBER_COUNTRY,MEMBER_GENDER,MEMBER_BIRTH_DATE,MEMBER_POINT,MEMBER_GRADE) values (56,'joanna@gmail.com','test56','Joana Jedrk',to_date('19/11/19','RR/MM/DD'),to_date('19/12/04','RR/MM/DD'),'USA','F',to_date('99/06/15','RR/MM/DD'),0,'N');
Insert into KING.MEMBER (MEMBER_NO,MEMBER_EMAIL,MEMBER_PASSWORD,MEMBER_NAME,MEMBER_CREATE_DATE,MEMBER_MODIFY_DATE,MEMBER_COUNTRY,MEMBER_GENDER,MEMBER_BIRTH_DATE,MEMBER_POINT,MEMBER_GRADE) values (57,'nina@gmail.com','test57','Nina Ansf',to_date('20/06/01','RR/MM/DD'),to_date('20/06/11','RR/MM/DD'),'USA','F',to_date('89/11/11','RR/MM/DD'),0,'N');
Insert into KING.MEMBER (MEMBER_NO,MEMBER_EMAIL,MEMBER_PASSWORD,MEMBER_NAME,MEMBER_CREATE_DATE,MEMBER_MODIFY_DATE,MEMBER_COUNTRY,MEMBER_GENDER,MEMBER_BIRTH_DATE,MEMBER_POINT,MEMBER_GRADE) values (58,'claudia@gmail.com','test58','Claia Gaha',to_date('19/11/21','RR/MM/DD'),to_date('19/11/26','RR/MM/DD'),'USA','M',to_date('92/03/30','RR/MM/DD'),70000,'N');
Insert into KING.MEMBER (MEMBER_NO,MEMBER_EMAIL,MEMBER_PASSWORD,MEMBER_NAME,MEMBER_CREATE_DATE,MEMBER_MODIFY_DATE,MEMBER_COUNTRY,MEMBER_GENDER,MEMBER_BIRTH_DATE,MEMBER_POINT,MEMBER_GRADE) values (59,'carla@gmail.com','test59','Carla Esza',to_date('20/06/04','RR/MM/DD'),to_date('20/01/07','RR/MM/DD'),'USA','M',to_date('98/05/06','RR/MM/DD'),70000,'N');
Insert into KING.MEMBER (MEMBER_NO,MEMBER_EMAIL,MEMBER_PASSWORD,MEMBER_NAME,MEMBER_CREATE_DATE,MEMBER_MODIFY_DATE,MEMBER_COUNTRY,MEMBER_GENDER,MEMBER_BIRTH_DATE,MEMBER_POINT,MEMBER_GRADE) values (60,'michelle@gmail.com','test60','Mile Waton',to_date('19/11/23','RR/MM/DD'),to_date('20/05/17','RR/MM/DD'),'USA','M',to_date('93/02/16','RR/MM/DD'),60000,'N');
Insert into KING.MEMBER (MEMBER_NO,MEMBER_EMAIL,MEMBER_PASSWORD,MEMBER_NAME,MEMBER_CREATE_DATE,MEMBER_MODIFY_DATE,MEMBER_COUNTRY,MEMBER_GENDER,MEMBER_BIRTH_DATE,MEMBER_POINT,MEMBER_GRADE) values (61,'marina@gmail.com','test61','Mara Roez',to_date('20/06/05','RR/MM/DD'),to_date('19/03/17','RR/MM/DD'),'Ireland','M',to_date('93/02/25','RR/MM/DD'),70000,'N');
Insert into KING.MEMBER (MEMBER_NO,MEMBER_EMAIL,MEMBER_PASSWORD,MEMBER_NAME,MEMBER_CREATE_DATE,MEMBER_MODIFY_DATE,MEMBER_COUNTRY,MEMBER_GENDER,MEMBER_BIRTH_DATE,MEMBER_POINT,MEMBER_GRADE) values (62,'yan@gmail.com','test62','Yan Xian',to_date('19/11/25','RR/MM/DD'),to_date('20/12/04','RR/MM/DD'),'Ireland','M',to_date('85/05/12','RR/MM/DD'),60000,'N');
Insert into KING.MEMBER (MEMBER_NO,MEMBER_EMAIL,MEMBER_PASSWORD,MEMBER_NAME,MEMBER_CREATE_DATE,MEMBER_MODIFY_DATE,MEMBER_COUNTRY,MEMBER_GENDER,MEMBER_BIRTH_DATE,MEMBER_POINT,MEMBER_GRADE) values (63,'tecia@gmail.com','test63','Tecia Torres',to_date('20/06/07','RR/MM/DD'),to_date('19/03/19','RR/MM/DD'),'Ireland','M',to_date('92/03/21','RR/MM/DD'),70000,'N');
Insert into KING.MEMBER (MEMBER_NO,MEMBER_EMAIL,MEMBER_PASSWORD,MEMBER_NAME,MEMBER_CREATE_DATE,MEMBER_MODIFY_DATE,MEMBER_COUNTRY,MEMBER_GENDER,MEMBER_BIRTH_DATE,MEMBER_POINT,MEMBER_GRADE) values (64,'alexa@gmail.com','test64','Alexa Grasso',to_date('19/11/27','RR/MM/DD'),to_date('20/12/28','RR/MM/DD'),'Ireland','M',to_date('93/02/24','RR/MM/DD'),60000,'N');
Insert into KING.MEMBER (MEMBER_NO,MEMBER_EMAIL,MEMBER_PASSWORD,MEMBER_NAME,MEMBER_CREATE_DATE,MEMBER_MODIFY_DATE,MEMBER_COUNTRY,MEMBER_GENDER,MEMBER_BIRTH_DATE,MEMBER_POINT,MEMBER_GRADE) values (65,'angela@gmail.com','test65','Angela Hill',to_date('20/06/02','RR/MM/DD'),to_date('19/03/18','RR/MM/DD'),'Ireland','F',to_date('99/06/14','RR/MM/DD'),0,'N');
Insert into KING.MEMBER (MEMBER_NO,MEMBER_EMAIL,MEMBER_PASSWORD,MEMBER_NAME,MEMBER_CREATE_DATE,MEMBER_MODIFY_DATE,MEMBER_COUNTRY,MEMBER_GENDER,MEMBER_BIRTH_DATE,MEMBER_POINT,MEMBER_GRADE) values (66,'amanda@gmail.com','test66','Amanda Ribas',to_date('19/11/29','RR/MM/DD'),to_date('17/03/15','RR/MM/DD'),'Ireland','F',to_date('98/10/10','RR/MM/DD'),60000,'N');
Insert into KING.MEMBER (MEMBER_NO,MEMBER_EMAIL,MEMBER_PASSWORD,MEMBER_NAME,MEMBER_CREATE_DATE,MEMBER_MODIFY_DATE,MEMBER_COUNTRY,MEMBER_GENDER,MEMBER_BIRTH_DATE,MEMBER_POINT,MEMBER_GRADE) values (67,'felice@gmail.com','test67','Felice Herrig',to_date('20/06/08','RR/MM/DD'),to_date('18/12/28','RR/MM/DD'),'Ireland','F',to_date('99/06/13','RR/MM/DD'),20000,'N');
Insert into KING.MEMBER (MEMBER_NO,MEMBER_EMAIL,MEMBER_PASSWORD,MEMBER_NAME,MEMBER_CREATE_DATE,MEMBER_MODIFY_DATE,MEMBER_COUNTRY,MEMBER_GENDER,MEMBER_BIRTH_DATE,MEMBER_POINT,MEMBER_GRADE) values (68,'rjg@gmail.com','rjg123','RyuJaeGeon',to_date('20/07/17','RR/MM/DD'),to_date('20/07/17','RR/MM/DD'),'KOREA','F',to_date('96/01/16','RR/MM/DD'),200000,'Y');
REM INSERTING into KING.MEMBER_GRADE
SET DEFINE OFF;
Insert into KING.MEMBER_GRADE (MEMBER_GRADE,GRADE_NAME) values ('A','관리자');
Insert into KING.MEMBER_GRADE (MEMBER_GRADE,GRADE_NAME) values ('N','학생');
Insert into KING.MEMBER_GRADE (MEMBER_GRADE,GRADE_NAME) values ('Y','강사');
REM INSERTING into KING.QUESTION_BOARD
SET DEFINE OFF;
Insert into KING.QUESTION_BOARD (IDX,MEMBER_NO,TITLE,CONTENT,BOARD_CREATE_DATE,BOARD_MODIFY_DATE,ANSWER_STATUS) values (1,2,'충전이 안되는데요..??','충전했는데 충전이 안돼요.. 30000원 충전했는데 얼른 해결 해주세요',to_date('20/07/17','RR/MM/DD'),to_date('20/07/17','RR/MM/DD'),'Y');
Insert into KING.QUESTION_BOARD (IDX,MEMBER_NO,TITLE,CONTENT,BOARD_CREATE_DATE,BOARD_MODIFY_DATE,ANSWER_STATUS) values (2,1,'로그인 어떻게 해요??','로그인 어떻게 해요?>?',to_date('20/07/17','RR/MM/DD'),to_date('20/07/17','RR/MM/DD'),'Y');
Insert into KING.QUESTION_BOARD (IDX,MEMBER_NO,TITLE,CONTENT,BOARD_CREATE_DATE,BOARD_MODIFY_DATE,ANSWER_STATUS) values (3,2,'how are you what','Im fine Thank you',to_date('20/07/17','RR/MM/DD'),to_date('20/07/17','RR/MM/DD'),'Y');
Insert into KING.QUESTION_BOARD (IDX,MEMBER_NO,TITLE,CONTENT,BOARD_CREATE_DATE,BOARD_MODIFY_DATE,ANSWER_STATUS) values (4,2,'안녕하세요??','안녕히 가세요',to_date('20/07/17','RR/MM/DD'),to_date('20/07/17','RR/MM/DD'),'Y');
Insert into KING.QUESTION_BOARD (IDX,MEMBER_NO,TITLE,CONTENT,BOARD_CREATE_DATE,BOARD_MODIFY_DATE,ANSWER_STATUS) values (5,1,'강사 등록 어떻게 하는건가요?','강사등록 어떻게 해요??',to_date('20/07/17','RR/MM/DD'),to_date('20/07/17','RR/MM/DD'),'Y');
Insert into KING.QUESTION_BOARD (IDX,MEMBER_NO,TITLE,CONTENT,BOARD_CREATE_DATE,BOARD_MODIFY_DATE,ANSWER_STATUS) values (6,3,'이 선생님 너무 못가르쳐요..','너무너무 못가르치는데 어떻게해요??',to_date('20/07/17','RR/MM/DD'),to_date('20/07/17','RR/MM/DD'),'N');
Insert into KING.QUESTION_BOARD (IDX,MEMBER_NO,TITLE,CONTENT,BOARD_CREATE_DATE,BOARD_MODIFY_DATE,ANSWER_STATUS) values (7,3,'영어만 되나요??','중국어도 배우고 싶은데',to_date('20/07/17','RR/MM/DD'),to_date('20/07/17','RR/MM/DD'),'N');
Insert into KING.QUESTION_BOARD (IDX,MEMBER_NO,TITLE,CONTENT,BOARD_CREATE_DATE,BOARD_MODIFY_DATE,ANSWER_STATUS) values (8,1,'밤에도 수업 들을수 있나요??','밤에도 수업 듣고 싶어요',to_date('20/07/17','RR/MM/DD'),to_date('20/07/17','RR/MM/DD'),'N');
Insert into KING.QUESTION_BOARD (IDX,MEMBER_NO,TITLE,CONTENT,BOARD_CREATE_DATE,BOARD_MODIFY_DATE,ANSWER_STATUS) values (9,2,'파팅파팅','우리모두 파이팅',to_date('20/07/17','RR/MM/DD'),to_date('20/07/17','RR/MM/DD'),'N');
REM INSERTING into KING.QUESTION_BOARD_COMMENT
SET DEFINE OFF;
Insert into KING.QUESTION_BOARD_COMMENT (IDX,BOARD_NO,COMMENT_CREATE_DATE,REPLY,ADMIN_NO) values (1,1,to_date('20/07/17','RR/MM/DD'),'충전버튼은 마이페이지에 있습니다~',0);
Insert into KING.QUESTION_BOARD_COMMENT (IDX,BOARD_NO,COMMENT_CREATE_DATE,REPLY,ADMIN_NO) values (2,2,to_date('20/07/17','RR/MM/DD'),'로그인은 우측 상단에 버튼으로 할 수 있습니다.',0);
Insert into KING.QUESTION_BOARD_COMMENT (IDX,BOARD_NO,COMMENT_CREATE_DATE,REPLY,ADMIN_NO) values (3,3,to_date('20/07/17','RR/MM/DD'),'Hello cheer up everybody',0);
Insert into KING.QUESTION_BOARD_COMMENT (IDX,BOARD_NO,COMMENT_CREATE_DATE,REPLY,ADMIN_NO) values (4,4,to_date('20/07/17','RR/MM/DD'),'안녕하세요~~~~',0);
Insert into KING.QUESTION_BOARD_COMMENT (IDX,BOARD_NO,COMMENT_CREATE_DATE,REPLY,ADMIN_NO) values (5,5,to_date('20/07/17','RR/MM/DD'),'강사등록은 상단 헤더에 튜터 등록을 통해 진행하실 수 있습니다.',0);
REM INSERTING into KING.TUTOR_INFO
SET DEFINE OFF;
Insert into KING.TUTOR_INFO (TUTOR_NO,TUTOR_INTRODUCE,YOUTUBE_URL,STUDY_NAME,PRICE,STATUS_CHECK) values (2,'저는 케임브릿지 대학교 출신입니다 ','https://www.youtube.com/embed/u6R1DeCez9s','[1:1] 즐거운 영어수업',15000,'N');
Insert into KING.TUTOR_INFO (TUTOR_NO,TUTOR_INTRODUCE,YOUTUBE_URL,STUDY_NAME,PRICE,STATUS_CHECK) values (3,'3천명이 학생들이 들었던 바로 그 강의! 한번 들어보시겠어요?!','https://www.youtube.com/embed/L0XYa01AktA','왕초보 탈출!! 1~3탄',500000,'N');
Insert into KING.TUTOR_INFO (TUTOR_NO,TUTOR_INTRODUCE,YOUTUBE_URL,STUDY_NAME,PRICE,STATUS_CHECK) values (4,'단어를 쉽게 외우는 방법을 알려드려요! ','https://www.youtube.com/embed/09a3arhxq6w','효과적인 영어단어 암기법!',20000,'N');
Insert into KING.TUTOR_INFO (TUTOR_NO,TUTOR_INTRODUCE,YOUTUBE_URL,STUDY_NAME,PRICE,STATUS_CHECK) values (5,'일상에서 자주 사용되는 단어들을 가르쳐 드립니다!','https://www.youtube.com/embed/ufuhlxJjz1w','기적의 말하기 영단어 2000',30000,'N');
Insert into KING.TUTOR_INFO (TUTOR_NO,TUTOR_INTRODUCE,YOUTUBE_URL,STUDY_NAME,PRICE,STATUS_CHECK) values (6,'60대, 70대를 위한 영어 실버 영어 클래스!','https://www.youtube.com/embed/R7Vuh1vBM2I','[60~70대를 위한] 실버영어',28000,'N');
Insert into KING.TUTOR_INFO (TUTOR_NO,TUTOR_INTRODUCE,YOUTUBE_URL,STUDY_NAME,PRICE,STATUS_CHECK) values (7,'인물, 사물, 장소, 묘사 등등 사람, 장소 사물에 대한 묘사를 세밀하게 표현할 수 있게 됩니다!','https://www.youtube.com/embed/qnA1fk_2ZFU','인물! 사물! 장소! 묘사해보자!',29000,'N');
Insert into KING.TUTOR_INFO (TUTOR_NO,TUTOR_INTRODUCE,YOUTUBE_URL,STUDY_NAME,PRICE,STATUS_CHECK) values (8,'안녕하세요 Kamaru Usman 강사입니다. ','https://www.youtube.com/embed/d0iJo-8gWSs','[1:1] Hello, this is english study',30000,'N');
Insert into KING.TUTOR_INFO (TUTOR_NO,TUTOR_INTRODUCE,YOUTUBE_URL,STUDY_NAME,PRICE,STATUS_CHECK) values (9,'반복학습은 이제 그만! 이 수업을 들으면 당신도 영어 고수!','https://www.youtube.com/embed/i4ZORQUUx5E','반복학습은 이제 그만! 창의적인 수업으로 영어를 향상시키자!',22000,'N');
Insert into KING.TUTOR_INFO (TUTOR_NO,TUTOR_INTRODUCE,YOUTUBE_URL,STUDY_NAME,PRICE,STATUS_CHECK) values (10,'회화위주의 수업으로 유학, 이민을 생각하고 있는 사람이라면 도움이 됩니다!','https://www.youtube.com/embed/82kG_8roc0A','회화 위주의 재밌는 영어 수업',23000,'N');
Insert into KING.TUTOR_INFO (TUTOR_NO,TUTOR_INTRODUCE,YOUTUBE_URL,STUDY_NAME,PRICE,STATUS_CHECK) values (11,'사자마자 50% 현금환급! 목표점수 달성하면 최대 300% 추가환급까지! 토익을 처음하는 왕초보도 쉽고 빠르게 토익졸업 토익문법+RC+LC, 탄탄하게 완성하고 650+달성!','https://www.youtube.com/embed/a_BrkCa7WmA','시작이 반 토익 환급반',16000,'N');
Insert into KING.TUTOR_INFO (TUTOR_NO,TUTOR_INTRODUCE,YOUTUBE_URL,STUDY_NAME,PRICE,STATUS_CHECK) values (12,'하루 2시간, 15일이면 토린이도 550점 쉽게 완성! 첫 토익 응시료 100% 환급부터 토린이 맞춤 케어까지! ★EVENT★ 오픈기념 3만원 할인','https://www.youtube.com/embed/il8ClautXrs','처음토익 패키지',20000,'N');
Insert into KING.TUTOR_INFO (TUTOR_NO,TUTOR_INTRODUCE,YOUTUBE_URL,STUDY_NAME,PRICE,STATUS_CHECK) values (13,'글의 소재 찾는 방법부터 퇴고 방법까지 4주 과정에 걸친 글쓰기에 관한 맞춤형 수업 진행','https://www.youtube.com/embed/XGVkbSoCoSE','1:1 맞춤형 글쓰기 책 쓰기 레슨 드립니다.',30000,'N');
Insert into KING.TUTOR_INFO (TUTOR_NO,TUTOR_INTRODUCE,YOUTUBE_URL,STUDY_NAME,PRICE,STATUS_CHECK) values (14,'반복적인 트레이닝을 통한 스피치 능력 향상 컨설팅 발음교정과, 언어 습관 보완 등 세분화된 수업 진행','https://www.youtube.com/embed/-dryf11f29E','맞춤 스피칭 컨설팅을 화상으로 해 드립니다.',33000,'N');
Insert into KING.TUTOR_INFO (TUTOR_NO,TUTOR_INTRODUCE,YOUTUBE_URL,STUDY_NAME,PRICE,STATUS_CHECK) values (15,'100% 직접 제작한 수업자료 (스피킹/리스닝/리딩/라이팅 전반적인 영어 실력 향상 가능하도록 고안)','https://www.youtube.com/embed/a8toKhLWKhI4','1대1 성인영어회화 전문강사와 온라인Live 수업 드립니다.',24000,'N');
Insert into KING.TUTOR_INFO (TUTOR_NO,TUTOR_INTRODUCE,YOUTUBE_URL,STUDY_NAME,PRICE,STATUS_CHECK) values (16,'나만의 그림책만들기(소프트) 나만의 그림책 만들기(더미북)과정입니다. 소프트제본형식으로 출판합니다.','https://www.youtube.com/embed/gUF4pFRJIUQ','나만의 그림책을 만드는 법을 알려 드립니다.',25000,'N');
Insert into KING.TUTOR_INFO (TUTOR_NO,TUTOR_INTRODUCE,YOUTUBE_URL,STUDY_NAME,PRICE,STATUS_CHECK) values (17,'1:1 영어회화 2달 수업 주 1회, 8주동안 총 8회 수업 (주당 횟수 추가 가능)','https://www.youtube.com/embed/tKv9OpZ5YRY','1대1 영어회화 프리토킹 수업을 저렴한 가격에 한 달 동안 제공해 드립니다.',33000,'N');
Insert into KING.TUTOR_INFO (TUTOR_NO,TUTOR_INTRODUCE,YOUTUBE_URL,STUDY_NAME,PRICE,STATUS_CHECK) values (18,'비즈니스/프리젠테이션 진행 등 기업 및 개인 실무 비즈니스 서비스 개별 컨텐츠와 거리 등 따른 변동 가능','https://www.youtube.com/embed/4XM2hpEzV_4','실전 글로벌 경험 영어 면접 영어회화 비즈니스 발표 행사 레슨 드립니다.',31000,'N');
Insert into KING.TUTOR_INFO (TUTOR_NO,TUTOR_INTRODUCE,YOUTUBE_URL,STUDY_NAME,PRICE,STATUS_CHECK) values (19,'영어 회화 레슨 학생의 선호에 적합한 컨텐츠 선별','https://www.youtube.com/embed/nlJrz-THTPU','마치 미국에 있는것 처럼 영어 회화를 해드립니다.',32000,'N');
Insert into KING.TUTOR_INFO (TUTOR_NO,TUTOR_INTRODUCE,YOUTUBE_URL,STUDY_NAME,PRICE,STATUS_CHECK) values (20,'기업 영어 면접 및 입사 준비 레슨 기업 영어 면접 (국내 한글 면접 가능) 및 입시 준비 레슨 (한시간기준측정).맞춰 횟수 조정 가능','https://www.youtube.com/embed/kLBRhy3McMs','면접 질문 위주의 영어 수업 알려드립니다.',50000,'N');
Insert into KING.TUTOR_INFO (TUTOR_NO,TUTOR_INTRODUCE,YOUTUBE_URL,STUDY_NAME,PRICE,STATUS_CHECK) values (21,'현재 강사활동중이지만 저도 영어가 어려울때가 있었습니다 저를 믿고 따라와주세요','https://www.youtube.com/embed/tGloaud-_38','이거면 된다! 한방에 끝내는 영어!',34000,'N');
Insert into KING.TUTOR_INFO (TUTOR_NO,TUTOR_INTRODUCE,YOUTUBE_URL,STUDY_NAME,PRICE,STATUS_CHECK) values (22,'인천 제물포스마트타운 강의 저희 강의실에 직접오셔서 수업받으실 때 입니다.','https://www.youtube.com/embed/oZRvJ7Kp7yE','6시간만에 영.문.법. 끝내 드립니다.',35000,'N');
Insert into KING.TUTOR_INFO (TUTOR_NO,TUTOR_INTRODUCE,YOUTUBE_URL,STUDY_NAME,PRICE,STATUS_CHECK) values (23,'(비즈니스) 면접/오픽 준비 학생의 수준/요청에 맞는 속성 40분 면접 준비 수업입니다.','https://www.youtube.com/embed/wi8ipxsdpLk','영어면접 영어프레젠테이션 코칭해 드립니다.',10000,'N');
Insert into KING.TUTOR_INFO (TUTOR_NO,TUTOR_INTRODUCE,YOUTUBE_URL,STUDY_NAME,PRICE,STATUS_CHECK) values (24,'(비즈니스) 영어 프레젠테이션 자신감있고 설득력 있는 영어프레젠테이션을 기획/연습','https://www.youtube.com/embed/5-NFTWa9QK8','해외 취업을 위한 영어 프레젠테이션 강의',10000,'N');
Insert into KING.TUTOR_INFO (TUTOR_NO,TUTOR_INTRODUCE,YOUTUBE_URL,STUDY_NAME,PRICE,STATUS_CHECK) values (25,'1 단계 원데이클래스 패키지로 신청하지 않고 개별신청하시는 분들은 신청해주세요. 2단계만 신청하실 분들도 이것으로 신청해주세요.','https://www.youtube.com/embed/FmQ259r3vxM','국내에서 발음교정 후 네이티브가 된 비법 공개해 드립니다.',40000,'N');
Insert into KING.TUTOR_INFO (TUTOR_NO,TUTOR_INTRODUCE,YOUTUBE_URL,STUDY_NAME,PRICE,STATUS_CHECK) values (26,'1, 2 단계 원데이클래스 1, 2단계 원데이클래스 패키지입니다. 할인 된 가격에 신청하실 수 있습니다.','https://www.youtube.com/embed/0QwhzMxAiOI','당신도 할 수 있습니다! 발음 교정',50000,'N');
Insert into KING.TUTOR_INFO (TUTOR_NO,TUTOR_INTRODUCE,YOUTUBE_URL,STUDY_NAME,PRICE,STATUS_CHECK) values (27,'1:1 영어회화 1개월','https://www.youtube.com/embed/3YWkQneaRmg','English Speaking Tutoring을 해 드립니다.',10000,'N');
Insert into KING.TUTOR_INFO (TUTOR_NO,TUTOR_INTRODUCE,YOUTUBE_URL,STUDY_NAME,PRICE,STATUS_CHECK) values (28,'온라인 초급 영어에 대한 두려움을 없애고 영어 말하기를 편하게 해드립니다','https://www.youtube.com/embed/e7ZLzqd7_Q8','영어회화 실력 확실히 업그레이드, 영어공포증 탈출 시켜 드립니다.',17000,'N');
Insert into KING.TUTOR_INFO (TUTOR_NO,TUTOR_INTRODUCE,YOUTUBE_URL,STUDY_NAME,PRICE,STATUS_CHECK) values (29,'중급 영어에 대한 지식은 있으시지만 머리로 생각하고 말하는 습관을 고쳐드립니다 15분','https://www.youtube.com/embed/vfUqQ8gyKsE','누구나 쉽게 할 수 있는 영어! 중급 난이도',18000,'N');
Insert into KING.TUTOR_INFO (TUTOR_NO,TUTOR_INTRODUCE,YOUTUBE_URL,STUDY_NAME,PRICE,STATUS_CHECK) values (30,'면접 및 비지니스 목적 면접 혹은 출장을 위한 영어를 원하시는 분들꼐 맞춤 수업입니다','https://www.youtube.com/embed/pCArASOlr8U','[고급] 전문가가 되고 싶습니까?? 바로 신청하세요',19000,'N');
Insert into KING.TUTOR_INFO (TUTOR_NO,TUTOR_INTRODUCE,YOUTUBE_URL,STUDY_NAME,PRICE,STATUS_CHECK) values (31,'언제든지 어디에서든 편할때 수업할수 있는게 장점입니다. 카톡 수업시간에는 질문을 하고 피드백을 받습니다.','https://www.youtube.com/embed/S6GHzMfHvF0','영어회화 리스닝 귀를 뚫어 드립니다.',20000,'N');
Insert into KING.TUTOR_INFO (TUTOR_NO,TUTOR_INTRODUCE,YOUTUBE_URL,STUDY_NAME,PRICE,STATUS_CHECK) values (32,'온라인 원격 코칭 밀착 멘토링 받고, 개성있는 발음과 영어 실력을 만들어보세요!','https://www.youtube.com/embed/G00kYyVJyg0','섹시한 영국식 발음을 만들어 드립니다.',10000,'N');
Insert into KING.TUTOR_INFO (TUTOR_NO,TUTOR_INTRODUCE,YOUTUBE_URL,STUDY_NAME,PRICE,STATUS_CHECK) values (33,'온라인 초급 영어에 대한 두려움을 없애고 영어 말하기를 편하게 해드립니다','https://www.youtube.com/embed/n3MfBI3Xxqg','18년 경력 원어민 선생님이 일대일로 영어 능력 향상시켜 드립니다.',10000,'N');
Insert into KING.TUTOR_INFO (TUTOR_NO,TUTOR_INTRODUCE,YOUTUBE_URL,STUDY_NAME,PRICE,STATUS_CHECK) values (34,'영어발음교정과 말하기 영어발음교정 15분 롤플레잉 15분 연설 10분','https://www.youtube.com/embed/p3ri5nLud0s','발음교정을 통한 영어 말하기 드립니다.',26000,'N');
Insert into KING.TUTOR_INFO (TUTOR_NO,TUTOR_INTRODUCE,YOUTUBE_URL,STUDY_NAME,PRICE,STATUS_CHECK) values (35,'영어로 짧은 일상 대화 및 토론 중간중간 발음 및 문법교정(원어민과 소통가능해야함)','https://www.youtube.com/embed/U2pvtVPcano','미국인 영어회화 화상 수업해 드립니다.',27000,'N');
Insert into KING.TUTOR_INFO (TUTOR_NO,TUTOR_INTRODUCE,YOUTUBE_URL,STUDY_NAME,PRICE,STATUS_CHECK) values (36,'학생 레벨에 맞춘 스피킹, 그래머, 비지니스 영어, 단어, 표현','https://www.youtube.com/embed/WI2kq8NoreQ','완벽한 영어 수업을 제공하여 드립니다.',28000,'N');
Insert into KING.TUTOR_INFO (TUTOR_NO,TUTOR_INTRODUCE,YOUTUBE_URL,STUDY_NAME,PRICE,STATUS_CHECK) values (37,'English Class 필요하신 내용과 레슨을 원하시는 방향을 확실하게 제공해주시는 경우 그에 맞게 진행해드립니다.','https://www.youtube.com/embed/nrC7r4T9TAU','맞춤형! 영어 레슨! [중급]',29000,'N');
Insert into KING.TUTOR_INFO (TUTOR_NO,TUTOR_INTRODUCE,YOUTUBE_URL,STUDY_NAME,PRICE,STATUS_CHECK) values (38,'English CONV Class 맞춤으로 진행되는 수업입니다. 필요하신 수업내용에 대해서 상담 후 그에 맞는 수업 제공해드립니다.','https://www.youtube.com/embed/Bd3j2qWky84','서로 맞춰가면서 하는 영어 수업',30000,'N');
Insert into KING.TUTOR_INFO (TUTOR_NO,TUTOR_INTRODUCE,YOUTUBE_URL,STUDY_NAME,PRICE,STATUS_CHECK) values (39,'TOEIC Class 목표하시는 점수에 맞는 커리큘럼을 가이드해드려서 이를 통해 수업을 진행합니다.','https://www.youtube.com/embed/BZOIEsBOIs4','놀면서 하는 영어! 이제 공부 말고 놀자!',10000,'N');
Insert into KING.TUTOR_INFO (TUTOR_NO,TUTOR_INTRODUCE,YOUTUBE_URL,STUDY_NAME,PRICE,STATUS_CHECK) values (40,'꼼꼼한 영어 똑똑한 영어','https://www.youtube.com/embed/axR9gSM38do','기초부터 꼼꼼, 즐거운 영어 드립니다.',15000,'N');
Insert into KING.TUTOR_INFO (TUTOR_NO,TUTOR_INTRODUCE,YOUTUBE_URL,STUDY_NAME,PRICE,STATUS_CHECK) values (41,'해외여행 기본적인 의사소통[영어회화] 프리미엄 1:1 영어회화 코칭','https://www.youtube.com/embed/yNyQlk2bc2o','영어회화 해외여행에서 기본적인 의사소통이 가능하게 드립니다.',16000,'N');
Insert into KING.TUTOR_INFO (TUTOR_NO,TUTOR_INTRODUCE,YOUTUBE_URL,STUDY_NAME,PRICE,STATUS_CHECK) values (42,'영어회화 공부방법 실천 1:1코칭 영어회화 공부 방법을 알려드리고 2달 동안 공부 실천에 필요한 모든 것을 제공해 드립니다. (언어교환 포함)','https://www.youtube.com/embed/mE4BLzxcED0','1:1 영어회화 공부방법 코칭해 드립니다.',20000,'N');
Insert into KING.TUTOR_INFO (TUTOR_NO,TUTOR_INTRODUCE,YOUTUBE_URL,STUDY_NAME,PRICE,STATUS_CHECK) values (43,'(온라인) 원데이 영어면접 클래스 스크립트 첨삭 + 간단한 모의 면접 + 피드백','https://www.youtube.com/embed/ehvSlbsWxRk','원데이 "영어면접" 수업 드립니다.',30000,'N');
Insert into KING.TUTOR_INFO (TUTOR_NO,TUTOR_INTRODUCE,YOUTUBE_URL,STUDY_NAME,PRICE,STATUS_CHECK) values (44,'1:1 화상 영어회화(40분) 일상회화, 비즈니스 회화, 프리젠테이션 준비, 면접준비, 여행회화','https://www.youtube.com/embed/2sqa_hv9pGg','온라인 미국 원어민 영어회화 드립니다.',10000,'N');
Insert into KING.TUTOR_INFO (TUTOR_NO,TUTOR_INTRODUCE,YOUTUBE_URL,STUDY_NAME,PRICE,STATUS_CHECK) values (45,'REAL BUSINESS 경력이 있는 강사와 영어 인터뷰 준비를 위한 맞춤형 영어 수업, 인터뷰 준비과정','https://www.youtube.com/embed/lO69fLQlshU','맞춤형 ENGLISH INTERVIEW 원데이 영어 수업 드립니다.',17000,'N');
Insert into KING.TUTOR_INFO (TUTOR_NO,TUTOR_INTRODUCE,YOUTUBE_URL,STUDY_NAME,PRICE,STATUS_CHECK) values (46,'영어어렵지않고재밌고편안하게배워요! 제 수업에 가장 큰 강점이자 특징은 개인맞춤형 수업이자 편안하고 즐거운 수업입니다.','https://www.youtube.com/embed/lDapRfZnToI','영어과외,회화과외,비즈니스영어,영어내신,토스대비과외 드립니다.',17000,'N');
Insert into KING.TUTOR_INFO (TUTOR_NO,TUTOR_INTRODUCE,YOUTUBE_URL,STUDY_NAME,PRICE,STATUS_CHECK) values (68,'영어어렵지않고재밌고편안하게배워요! 제 수업에 가장 큰 강점이자 특징은 개인맞춤형 수업이자 편안하고 즐거운 수업입니다.','https://www.youtube.com/embed/krbNHEDQOvU','영어과외,회화과외,비즈니스영어,영어내신,토스대비과외 드립니다.',17000,'N');
--------------------------------------------------------
--  DDL for Index EVALUATION_PK
--------------------------------------------------------

  CREATE UNIQUE INDEX "KING"."EVALUATION_PK" ON "KING"."EVALUATION" ("IDX") 
  PCTFREE 10 INITRANS 2 MAXTRANS 255 COMPUTE STATISTICS 
  STORAGE(INITIAL 65536 NEXT 1048576 MINEXTENTS 1 MAXEXTENTS 2147483645
  PCTINCREASE 0 FREELISTS 1 FREELIST GROUPS 1 BUFFER_POOL DEFAULT FLASH_CACHE DEFAULT CELL_FLASH_CACHE DEFAULT)
  TABLESPACE "SYSTEM" ;
--------------------------------------------------------
--  DDL for Index FILE_PROFILE_IMAGE_PK
--------------------------------------------------------

  CREATE UNIQUE INDEX "KING"."FILE_PROFILE_IMAGE_PK" ON "KING"."FILE_PROFILE_IMAGE" ("IDX") 
  PCTFREE 10 INITRANS 2 MAXTRANS 255 COMPUTE STATISTICS 
  STORAGE(INITIAL 65536 NEXT 1048576 MINEXTENTS 1 MAXEXTENTS 2147483645
  PCTINCREASE 0 FREELISTS 1 FREELIST GROUPS 1 BUFFER_POOL DEFAULT FLASH_CACHE DEFAULT CELL_FLASH_CACHE DEFAULT)
  TABLESPACE "SYSTEM" ;
--------------------------------------------------------
--  DDL for Index MEMBER_GRADE_PK
--------------------------------------------------------

  CREATE UNIQUE INDEX "KING"."MEMBER_GRADE_PK" ON "KING"."MEMBER_GRADE" ("MEMBER_GRADE") 
  PCTFREE 10 INITRANS 2 MAXTRANS 255 COMPUTE STATISTICS 
  STORAGE(INITIAL 65536 NEXT 1048576 MINEXTENTS 1 MAXEXTENTS 2147483645
  PCTINCREASE 0 FREELISTS 1 FREELIST GROUPS 1 BUFFER_POOL DEFAULT FLASH_CACHE DEFAULT CELL_FLASH_CACHE DEFAULT)
  TABLESPACE "SYSTEM" ;
--------------------------------------------------------
--  DDL for Index MEMBER_NO_PK
--------------------------------------------------------

  CREATE UNIQUE INDEX "KING"."MEMBER_NO_PK" ON "KING"."MEMBER" ("MEMBER_NO") 
  PCTFREE 10 INITRANS 2 MAXTRANS 255 COMPUTE STATISTICS 
  STORAGE(INITIAL 65536 NEXT 1048576 MINEXTENTS 1 MAXEXTENTS 2147483645
  PCTINCREASE 0 FREELISTS 1 FREELIST GROUPS 1 BUFFER_POOL DEFAULT FLASH_CACHE DEFAULT CELL_FLASH_CACHE DEFAULT)
  TABLESPACE "SYSTEM" ;
--------------------------------------------------------
--  DDL for Index QUESTION_BOARD_COMMENT_PK
--------------------------------------------------------

  CREATE UNIQUE INDEX "KING"."QUESTION_BOARD_COMMENT_PK" ON "KING"."QUESTION_BOARD_COMMENT" ("IDX") 
  PCTFREE 10 INITRANS 2 MAXTRANS 255 COMPUTE STATISTICS 
  STORAGE(INITIAL 65536 NEXT 1048576 MINEXTENTS 1 MAXEXTENTS 2147483645
  PCTINCREASE 0 FREELISTS 1 FREELIST GROUPS 1 BUFFER_POOL DEFAULT FLASH_CACHE DEFAULT CELL_FLASH_CACHE DEFAULT)
  TABLESPACE "SYSTEM" ;
--------------------------------------------------------
--  DDL for Index QUESTION_BOARD_PK
--------------------------------------------------------

  CREATE UNIQUE INDEX "KING"."QUESTION_BOARD_PK" ON "KING"."QUESTION_BOARD" ("IDX") 
  PCTFREE 10 INITRANS 2 MAXTRANS 255 COMPUTE STATISTICS 
  STORAGE(INITIAL 65536 NEXT 1048576 MINEXTENTS 1 MAXEXTENTS 2147483645
  PCTINCREASE 0 FREELISTS 1 FREELIST GROUPS 1 BUFFER_POOL DEFAULT FLASH_CACHE DEFAULT CELL_FLASH_CACHE DEFAULT)
  TABLESPACE "SYSTEM" ;
--------------------------------------------------------
--  DDL for Index SYS_C009335
--------------------------------------------------------

  CREATE UNIQUE INDEX "KING"."SYS_C009335" ON "KING"."MEMBER" ("MEMBER_EMAIL") 
  PCTFREE 10 INITRANS 2 MAXTRANS 255 
  STORAGE(INITIAL 65536 NEXT 1048576 MINEXTENTS 1 MAXEXTENTS 2147483645
  PCTINCREASE 0 FREELISTS 1 FREELIST GROUPS 1 BUFFER_POOL DEFAULT FLASH_CACHE DEFAULT CELL_FLASH_CACHE DEFAULT)
  TABLESPACE "SYSTEM" ;
--------------------------------------------------------
--  Constraints for Table EVALUATION
--------------------------------------------------------

  ALTER TABLE "KING"."EVALUATION" ADD CONSTRAINT "EVALUATION_PK" PRIMARY KEY ("IDX")
  USING INDEX PCTFREE 10 INITRANS 2 MAXTRANS 255 COMPUTE STATISTICS 
  STORAGE(INITIAL 65536 NEXT 1048576 MINEXTENTS 1 MAXEXTENTS 2147483645
  PCTINCREASE 0 FREELISTS 1 FREELIST GROUPS 1 BUFFER_POOL DEFAULT FLASH_CACHE DEFAULT CELL_FLASH_CACHE DEFAULT)
  TABLESPACE "SYSTEM"  ENABLE;
  ALTER TABLE "KING"."EVALUATION" MODIFY ("EVALUATE_CHECK" NOT NULL ENABLE);
  ALTER TABLE "KING"."EVALUATION" MODIFY ("TUTOR_NO" NOT NULL ENABLE);
  ALTER TABLE "KING"."EVALUATION" MODIFY ("IDX" NOT NULL ENABLE);
--------------------------------------------------------
--  Constraints for Table FILE_PROFILE_IMAGE
--------------------------------------------------------

  ALTER TABLE "KING"."FILE_PROFILE_IMAGE" ADD CONSTRAINT "FILE_PROFILE_IMAGE_PK" PRIMARY KEY ("IDX")
  USING INDEX PCTFREE 10 INITRANS 2 MAXTRANS 255 COMPUTE STATISTICS 
  STORAGE(INITIAL 65536 NEXT 1048576 MINEXTENTS 1 MAXEXTENTS 2147483645
  PCTINCREASE 0 FREELISTS 1 FREELIST GROUPS 1 BUFFER_POOL DEFAULT FLASH_CACHE DEFAULT CELL_FLASH_CACHE DEFAULT)
  TABLESPACE "SYSTEM"  ENABLE;
  ALTER TABLE "KING"."FILE_PROFILE_IMAGE" MODIFY ("FILE_SIZE" NOT NULL ENABLE);
  ALTER TABLE "KING"."FILE_PROFILE_IMAGE" MODIFY ("STORE_FILE_NAME" NOT NULL ENABLE);
  ALTER TABLE "KING"."FILE_PROFILE_IMAGE" MODIFY ("ORIGINAL_FILE_NAME" NOT NULL ENABLE);
  ALTER TABLE "KING"."FILE_PROFILE_IMAGE" MODIFY ("TUTOR_NO" NOT NULL ENABLE);
  ALTER TABLE "KING"."FILE_PROFILE_IMAGE" MODIFY ("IDX" NOT NULL ENABLE);
--------------------------------------------------------
--  Constraints for Table MEMBER
--------------------------------------------------------

  ALTER TABLE "KING"."MEMBER" ADD CONSTRAINT "MEMBER_NO_PK" PRIMARY KEY ("MEMBER_NO")
  USING INDEX PCTFREE 10 INITRANS 2 MAXTRANS 255 COMPUTE STATISTICS 
  STORAGE(INITIAL 65536 NEXT 1048576 MINEXTENTS 1 MAXEXTENTS 2147483645
  PCTINCREASE 0 FREELISTS 1 FREELIST GROUPS 1 BUFFER_POOL DEFAULT FLASH_CACHE DEFAULT CELL_FLASH_CACHE DEFAULT)
  TABLESPACE "SYSTEM"  ENABLE;
  ALTER TABLE "KING"."MEMBER" ADD UNIQUE ("MEMBER_EMAIL")
  USING INDEX PCTFREE 10 INITRANS 2 MAXTRANS 255 
  STORAGE(INITIAL 65536 NEXT 1048576 MINEXTENTS 1 MAXEXTENTS 2147483645
  PCTINCREASE 0 FREELISTS 1 FREELIST GROUPS 1 BUFFER_POOL DEFAULT FLASH_CACHE DEFAULT CELL_FLASH_CACHE DEFAULT)
  TABLESPACE "SYSTEM"  ENABLE;
  ALTER TABLE "KING"."MEMBER" MODIFY ("MEMBER_GRADE" NOT NULL ENABLE);
  ALTER TABLE "KING"."MEMBER" MODIFY ("MEMBER_BIRTH_DATE" NOT NULL ENABLE);
  ALTER TABLE "KING"."MEMBER" MODIFY ("MEMBER_GENDER" NOT NULL ENABLE);
  ALTER TABLE "KING"."MEMBER" MODIFY ("MEMBER_COUNTRY" NOT NULL ENABLE);
  ALTER TABLE "KING"."MEMBER" MODIFY ("MEMBER_NAME" NOT NULL ENABLE);
  ALTER TABLE "KING"."MEMBER" MODIFY ("MEMBER_PASSWORD" NOT NULL ENABLE);
  ALTER TABLE "KING"."MEMBER" MODIFY ("MEMBER_EMAIL" NOT NULL ENABLE);
  ALTER TABLE "KING"."MEMBER" MODIFY ("MEMBER_NO" NOT NULL ENABLE);
--------------------------------------------------------
--  Constraints for Table MEMBER_GRADE
--------------------------------------------------------

  ALTER TABLE "KING"."MEMBER_GRADE" ADD CONSTRAINT "MEMBER_GRADE_PK" PRIMARY KEY ("MEMBER_GRADE")
  USING INDEX PCTFREE 10 INITRANS 2 MAXTRANS 255 COMPUTE STATISTICS 
  STORAGE(INITIAL 65536 NEXT 1048576 MINEXTENTS 1 MAXEXTENTS 2147483645
  PCTINCREASE 0 FREELISTS 1 FREELIST GROUPS 1 BUFFER_POOL DEFAULT FLASH_CACHE DEFAULT CELL_FLASH_CACHE DEFAULT)
  TABLESPACE "SYSTEM"  ENABLE;
  ALTER TABLE "KING"."MEMBER_GRADE" MODIFY ("GRADE_NAME" NOT NULL ENABLE);
  ALTER TABLE "KING"."MEMBER_GRADE" MODIFY ("MEMBER_GRADE" NOT NULL ENABLE);
--------------------------------------------------------
--  Constraints for Table QUESTION_BOARD
--------------------------------------------------------

  ALTER TABLE "KING"."QUESTION_BOARD" ADD CONSTRAINT "QUESTION_BOARD_PK" PRIMARY KEY ("IDX")
  USING INDEX PCTFREE 10 INITRANS 2 MAXTRANS 255 COMPUTE STATISTICS 
  STORAGE(INITIAL 65536 NEXT 1048576 MINEXTENTS 1 MAXEXTENTS 2147483645
  PCTINCREASE 0 FREELISTS 1 FREELIST GROUPS 1 BUFFER_POOL DEFAULT FLASH_CACHE DEFAULT CELL_FLASH_CACHE DEFAULT)
  TABLESPACE "SYSTEM"  ENABLE;
  ALTER TABLE "KING"."QUESTION_BOARD" MODIFY ("MEMBER_NO" NOT NULL ENABLE);
  ALTER TABLE "KING"."QUESTION_BOARD" MODIFY ("IDX" NOT NULL ENABLE);
--------------------------------------------------------
--  Constraints for Table QUESTION_BOARD_COMMENT
--------------------------------------------------------

  ALTER TABLE "KING"."QUESTION_BOARD_COMMENT" ADD CONSTRAINT "QUESTION_BOARD_COMMENT_PK" PRIMARY KEY ("IDX")
  USING INDEX PCTFREE 10 INITRANS 2 MAXTRANS 255 COMPUTE STATISTICS 
  STORAGE(INITIAL 65536 NEXT 1048576 MINEXTENTS 1 MAXEXTENTS 2147483645
  PCTINCREASE 0 FREELISTS 1 FREELIST GROUPS 1 BUFFER_POOL DEFAULT FLASH_CACHE DEFAULT CELL_FLASH_CACHE DEFAULT)
  TABLESPACE "SYSTEM"  ENABLE;
  ALTER TABLE "KING"."QUESTION_BOARD_COMMENT" MODIFY ("ADMIN_NO" NOT NULL ENABLE);
  ALTER TABLE "KING"."QUESTION_BOARD_COMMENT" MODIFY ("BOARD_NO" NOT NULL ENABLE);
  ALTER TABLE "KING"."QUESTION_BOARD_COMMENT" MODIFY ("IDX" NOT NULL ENABLE);
--------------------------------------------------------
--  Constraints for Table TUTOR_INFO
--------------------------------------------------------

  ALTER TABLE "KING"."TUTOR_INFO" MODIFY ("PRICE" NOT NULL ENABLE);
  ALTER TABLE "KING"."TUTOR_INFO" MODIFY ("STUDY_NAME" NOT NULL ENABLE);
  ALTER TABLE "KING"."TUTOR_INFO" MODIFY ("YOUTUBE_URL" NOT NULL ENABLE);
  ALTER TABLE "KING"."TUTOR_INFO" MODIFY ("TUTOR_INTRODUCE" NOT NULL ENABLE);
  ALTER TABLE "KING"."TUTOR_INFO" MODIFY ("TUTOR_NO" NOT NULL ENABLE);
--------------------------------------------------------
--  Ref Constraints for Table EVALUATION
--------------------------------------------------------

  ALTER TABLE "KING"."EVALUATION" ADD CONSTRAINT "EVALUATION_NO_FK" FOREIGN KEY ("TUTOR_NO")
	  REFERENCES "KING"."MEMBER" ("MEMBER_NO") ON DELETE CASCADE ENABLE;
--------------------------------------------------------
--  Ref Constraints for Table FILE_PROFILE_IMAGE
--------------------------------------------------------

  ALTER TABLE "KING"."FILE_PROFILE_IMAGE" ADD CONSTRAINT "FILE_PROFILE_IMAGE_NO_FK" FOREIGN KEY ("TUTOR_NO")
	  REFERENCES "KING"."MEMBER" ("MEMBER_NO") ON DELETE CASCADE ENABLE;
--------------------------------------------------------
--  Ref Constraints for Table MEMBER
--------------------------------------------------------

  ALTER TABLE "KING"."MEMBER" ADD CONSTRAINT "MEMBER_GRADE_FK" FOREIGN KEY ("MEMBER_GRADE")
	  REFERENCES "KING"."MEMBER_GRADE" ("MEMBER_GRADE") ON DELETE CASCADE ENABLE;
--------------------------------------------------------
--  Ref Constraints for Table QUESTION_BOARD
--------------------------------------------------------

  ALTER TABLE "KING"."QUESTION_BOARD" ADD CONSTRAINT "QUESTION_BOARD_NO_FK" FOREIGN KEY ("MEMBER_NO")
	  REFERENCES "KING"."MEMBER" ("MEMBER_NO") ON DELETE CASCADE ENABLE;
--------------------------------------------------------
--  Ref Constraints for Table QUESTION_BOARD_COMMENT
--------------------------------------------------------

  ALTER TABLE "KING"."QUESTION_BOARD_COMMENT" ADD CONSTRAINT "QUESTION_BOARD_COMMENT_IDX_FK" FOREIGN KEY ("BOARD_NO")
	  REFERENCES "KING"."QUESTION_BOARD" ("IDX") ON DELETE CASCADE ENABLE;
--------------------------------------------------------
--  Ref Constraints for Table TUTOR_INFO
--------------------------------------------------------

  ALTER TABLE "KING"."TUTOR_INFO" ADD CONSTRAINT "TUTOR_INFO_NO_FK" FOREIGN KEY ("TUTOR_NO")
	  REFERENCES "KING"."MEMBER" ("MEMBER_NO") ON DELETE CASCADE ENABLE;
